aSynPEP ID,Peptide name,Type,Source ID,UniProt Accession number,NCBI Taxon ID,PubMed ID,Peptide sequence,Inhibitory sequence,Length full peptide,Longest inhibitory region,Helical wheel,Helicity (AGADIR),Amphipathicity (uH),NCPR,Hydrophobicity (H),pI,Mass,AlphaFold structural model,pH of order (DispHred),Cytotoxicity (ToxIBTL),Blood Brain Barrier permeability (BBPPred),Cell-penetrating (BchemRF-CPPred),Gut/brain expression,Pathways
ASYNP01,Neuropeptide Y,Neuropeptide,NP03887,P01303,9606,PubMed ID is not available,YPSKPDNPGEDAPAEDMARYYSALRHYINLITRQRY,DMARYYSALRHYINLITRQRY,36,16..36,.svg,12,0.44,0.18,0.4,10.5,2.7 kDa,.pdb,.svg,non-toxic | probability=2.17E-15,non-BBP | probability=0.40,CPP | probability=74.11%,.links,.pubchem
ASYNP02,Copeptin,Neuropeptide,NP05893,P01185,9606,7271787,ASDRSNATQLDGPAGALLLRLVQLAGAPEPFEPAQPDAY,RSNATQLDGPAGALLLRL,39,4..21,.svg,11.3,0.23,0.1,0.38,12.47,1.87 kDa,.pdb,.svg,non-toxic | probability=2.96E-06,non-BBP | probability=0.36,CPP | probability=55.56%,.links,.pubchem
ASYNP03,Neuropeptide K,Neuropeptide,NP05684,P20366,9606,PubMed ID is not available,DADSSIEKQVALLKALYGHGQISHKRHKTDSFVGLM,KQVALLKALYGHGQISHKRHKT,36,8..29,.svg,13.5,0.25,0.2,0.32,11.38,2.51 kDa,.pdb,.svg,non-toxic | probability=3.02E-08,BBP | probability=0.94,CPP | probability=63.99%,.links,.pubchem
ASYNP04,Urocortin-3,Neuropeptide,NP05244,Q969E3,9606,PubMed ID is not available,FTLSLDVPTNIMNLLFNIAKAKNLRAQAAANAHLMAQI,LDVPTNIMNLLFNIAKAKNLRAQA,38,5..28,.svg,16.4,0.28,0.16,0.46,11.38,2.67 kDa,.pdb,.svg,non-toxic | probability=9.78E-16,non-BBP | probability=0.43,Non-CPP | probability=78.58%,.links,.pubchem
ASYNP05,Urocortin-2,Neuropeptide,NP05243,Q96RP3,9606,PubMed ID is not available,IVLSLDVPIGLLQILLEQARARAAREQATTNARILARVGHC,RARAAREQATTNARILARVGHC,41,20..41,.svg,42.3,0.29,0.16,0.09,12.69,2.42 kDa,.pdb,.svg,non-toxic | probability=1.42E-05,BBP | probability=0.83,CPP | probability=71.34%,.links,.pubchem
ASYNP06,Urocortin,Neuropeptide,NP05242,P55089,9606,PubMed ID is not available,DNPSLSIDLTFHLLRTLLELARTQSQRERAEQNRIIFDSV,LTFHLLRTLLELARTQSQRERAEQ,40,9..32,.svg,21.1,0.31,0.1,0.26,12.03,2.91 kDa,.pdb,.svg,non-toxic | probability=2.33E-20,non-BBP | probability=0.33,CPP | probability=50.61%,.links,.pubchem
ASYNP07,Corticoliberin,Neuropeptide,NP05241,P06850,9606,PubMed ID is not available,SEEPPISLDLTFHLLREVLEMARAEQLAQQAHSNRKLMEII,ARAEQLAQQAHSNRKLME,41,22..39,.svg,33.5,0.21,0.1,0.02,11.38,2.08 kDa,.pdb,.svg,non-toxic | probability=1.81E-21,non-BBP | probability=0.14,Non-CPP | probability=82.49%,.links,.pubchem
ASYNP08,QRF-amide,Neuropeptide,NP05222,P83859,9606,PubMed ID is not available,QDEGSEATGFLPAAGEKTSGPLGNLAEELNGYSRKKGGFSFRF,SGPLGNLAEELNGYSRKKGGFSFRF,43,19..43,.svg,1.1,0.34,0.1,0.11,10.28,2.73 kDa,.pdb,.svg,non-toxic | probability=1.92E-10,BBP | probability=0.51,Non-CPP | probability=94.71%,.links,.pubchem
ASYNP09,Big PEN-LEN (By similarity),Neuropeptide,NP04923,Q9UHG2,9606,PubMed ID is not available,AADHDVGSELPPEGVLGALLRVKRLETPAPQVPARRLLPP,PPEGVLGALLRVKRLETPAPQ,40,11..31,.svg,2.8,0.22,0.1,0.42,11.38,2.24 kDa,.pdb,.svg,non-toxic | probability=1.96E-06,non-BBP | probability=0.12,Non-CPP | probability=86.28%,.links,.pubchem
ASYNP10,PTHrP[1-36],Neuropeptide,NP04425,P12272,9606,PubMed ID is not available,AVSEHQLLHDKGKSIQDLRRRFFLHHLIAEIHTAEI,SEHQLLHDKGKSIQDLRRRFFLHHL,36,3..27,.svg,21.4,0.37,0.18,0.15,11.38,3.11 kDa,.pdb,.svg,non-toxic | probability=9.97E-15,BBP | probability=0.86,Non-CPP | probability=77.05%,.links,.pubchem
ASYNP11,Tuberoinfundibular peptide of 39residues,Neuropeptide,NP04409,Q96A98,9606,PubMed ID is not available,SLALADDAAFRERARLLAALERRHWLNSYMHKLLVLDAP,DDAAFRERARLLAALERRHWLN,39,6..27,.svg,40.1,0.3,0.16,0.19,11.81,2.68 kDa,.pdb,.svg,non-toxic | probability=1.06E-07,BBP | probability=0.77,CPP | probability=71.65%,.links,.pubchem
ASYNP12,Orexin-B,Neuropeptide,NP04401,O43612,9606,PubMed ID is not available,RSGPPGLQGRLQRLLQASGNHAAGILTM,RSGPPGLQGRLQRLLQASGNHAAGILTM,28,Full peptide,.svg,5.4,0.32,0.11,0.35,14.5,2.9 kDa,.pdb,.svg,non-toxic | probability=1.17E-07,BBP | probability=0.89,Non-CPP | probability=85.27%,.links,.pubchem
ASYNP13,Orexin-A,Neuropeptide,NP04400,O43612,9606,PubMed ID is not available,QPLPDCCRQKTCSCRLYELLHGAGNHAAGILTL,RQKTCSCRLYELLHGAGNHA,33,8..27,.svg,2.3,0.29,0.1,0.35,9.19,2.26 kDa,.pdb,.svg,toxic | probability=9.98E-01,BBP | probability=0.91,Non-CPP | probability=56.84%,.links,.pubchem
ASYNP14,Peptide YY,Neuropeptide,NP03959,Q5JQD4,9606,3202875;2587421,YPIKPEAPREDASPEELNRYYASLRHYLNLVTRQRY,ELNRYYASLRHYLNLVTRQRY,36,16..36,.svg,12.4,0.42,0.18,0.33,10.5,2.73 kDa,.pdb,.svg,non-toxic | probability=6.33E-28,non-BBP | probability=0.34,Non-CPP | probability=60.75%,.links,.pubchem
ASYNP15,Pancreatic hormone,Neuropeptide,NP03957,P01298,9606,PubMed ID is not available,APLEPVYPGDNATPEQMAQYAADLRRYINMLTRPRY,QMAQYAADLRRYINMLTRPRY,36,16..36,.svg,19.7,0.46,0.15,0.32,11.38,2.63 kDa,.pdb,.svg,non-toxic | probability=2.71E-20,BBP | probability=0.50,CPP | probability=63.73%,.links,.pubchem
ASYNP16,Neuroendocrine regulatory peptide-2,Neuropeptide,NP05914,O15240,9606,PubMed ID is not available,QAEATRQAAAQEERLADLASDLLLQYLLQGGARQRGLG,SDLLLQYLLQGGARQRGLG,38,20..38,.svg,21.9,0.21,0.1,0.45,10.94,2.06 kDa,.pdb,.svg,non-toxic | probability=5.98E-12,non-BBP | probability=0.06,Non-CPP | probability=78.01%,.links,.pubchem
ASYNP17,CNP-53,Neuropeptide,NP03694,P23582,9606,PubMed ID is not available,DLRVDTKSRAAWARLLQEHPNARKYKGANKKGLSKGCFGLKLDRIGSMSGLGC,DLRVDTKSRAAWARLLQEHPNARKYKGAN,53,1..29,.svg,3.7,0.29,0.16,0.16,11.38,3.37 kDa,.pdb,.svg,non-toxic | probability=2.38E-03,non-BBP | probability=0.48,Non-CPP | probability=68.0%,.links,.pubchem
ASYNP18,Melanin-concentrating hormone,Neuropeptide,NP02908,P20382,9606,PubMed ID is not available,DFDMLRCMLGRVYRPCWQV,DFDMLRCMLGRVYRPCWQV,19,Full peptide,.svg,4.5,0.41,0.1,0.65,8.53,2.39 kDa,.pdb,.svg,non-toxic | probability=1.58E-08,BBP | probability=0.93,Non-CPP | probability=79.88%,.links,.pubchem
ASYNP19,Relaxin B chain,Neuropeptide,NP02774,P04090,9606,2076464,DSWMEEVIKLCGRELVRAQIAICGMSTWS,EVIKLCGRELVRAQIAICGMST,29,6..27,.svg,5.5,0.3,0.1,0.58,8.53,2.39 kDa,.pdb,.svg,non-toxic | probability=5.60E-11,non-BBP | probability=0.07,Non-CPP | probability=82.96%,.links,.pubchem
ASYNP20,Relaxin B chain (By similarity),Neuropeptide,NP02772,P04808,9606,PubMed ID is not available,VAAKWKDDVIKLCGRELVRAQIAICGMSTWS,VAAKWKDDVIKLCGRELVRAQIAICGMSTWS,31,Full peptide,.svg,1.7,0.22,0.06,0.49,9.19,3.45 kDa,.pdb,.svg,non-toxic | probability=2.23E-05,non-BBP | probability=0.47,Non-CPP | probability=75.45%,.links,.pubchem
ASYNP21,Vasoactive intestinal peptide (VIP),Neuropeptide/Antimicrobial,NP02480;DRAMP03543 ,P01282,9606,18603306,HSDAVFTDNYTRLRKQMAVKKYLNSILN,HSDAVFTDNYTRLRKQMAVKK,28,1..21,.svg,6.6,0.25,0.12,0.17,10.5,2.51 kDa,.pdb,.svg,non-toxic | probability=3.38E-09,BBP | probability=0.93,Non-CPP | probability=70.72%,.links,.pubchem
ASYNP22,Intestinal peptide PHM-27,Neuropeptide,NP02478,P01282,9606,PubMed ID is not available,HADGVFTSDFSKLLGQLSAKKYLESLM,GVFTSDFSKLLGQLSAKKYL,27,4..23,.svg,2,0.3,0.1,0.4,10.06,2.2 kDa,.pdb,.svg,non-toxic | probability=1.45E-04,non-BBP | probability=0.20,Non-CPP | probability=81.33%,.links,.pubchem
ASYNP23,Somatoliberin,Neuropeptide,NP02477,P01286,9606,6812220,YADAIFTNSYRKVLGQLSARKLLQDIMSRQQGESNQERGARARL,YADAIFTNSYRKVLGQLSARKLL,44,1..23,.svg,10.2,0.29,0.15,0.35,10.5,2.63 kDa,.pdb,.svg,non-toxic | probability=9.76E-13,BBP | probability=0.79,Non-CPP | probability=75.34%,.links,.pubchem
ASYNP24,Secretin,Neuropeptide,NP02476,P09683,9606,PubMed ID is not available,HSDGTFTSELSRLREGARLQRLLQGLV,ELSRLREGARLQRLLQGLV,27,9..27,.svg,10.8,0.24,0.15,0.31,12.47,2.21 kDa,.pdb,.svg,non-toxic | probability=1.54E-11,non-BBP | probability=0.11,Non-CPP | probability=77.0%,.links,.pubchem
ASYNP25,Pituitary adenylate cyclase-activating polypeptide 38,Neuropeptide,NP02475,P18509,9606,PubMed ID is not available,HSDGIFTDSYSRYRKQMAVKKYLAAVLGKRYKQRVKNK,RYRKQMAVKKYLAAVLGKRYKQ,38,12..33,.svg,24.6,0.23,0.3,0.22,11.38,2.7 kDa,.pdb,.svg,non-toxic | probability=3.82E-20,BBP | probability=0.89,CPP | probability=73.81%,.links,.pubchem
ASYNP26,Pituitary adenylate cyclase-activating polypeptide 27,Neuropeptide,NP02474,P18509,9606,PubMed ID is not available,HSDGIFTDSYSRYRKQMAVKKYLAAVL,HSDGIFTDSYSRYRKQMAVKKYLAAVL,27,Full peptide,.svg,8.4,0.2,0.11,0.3,10.06,3.15 kDa,.pdb,.svg,non-toxic | probability=5.32E-09,BBP | probability=0.95,Non-CPP | probability=81.03%,.links,.pubchem
ASYNP27,PACAP-related peptide,Neuropeptide,NP02473,P18509,9606,PubMed ID is not available,DVAHGILNEAYRKVLDQLSAGKHLQSLVARGVGGSLGGGAGDDAEPLS,YRKVLDQLSAGKHLQSLVARGVGGSLGGGAG,48,11..41,.svg,9.5,0.24,0.1,0.34,11.38,3.05 kDa,.pdb,.svg,non-toxic | probability=1.10E-07,BBP | probability=0.84,Non-CPP | probability=86.74%,.links,.pubchem
ASYNP28,Oxyntomodulin (By similarity),Neuropeptide,NP02472,P01275,9606,PubMed ID is not available,HSQGTFTSDYSKYLDSRRAQDFVQWLMNTKRNRNNIA,LDSRRAQDFVQWLMNTKRNRNNIA,37,14..37,.svg,13.8,0.3,0.14,0.13,12.47,2.95 kDa,.pdb,.svg,non-toxic | probability=7.24E-20,BBP | probability=0.65,Non-CPP | probability=68.98%,.links,.pubchem
ASYNP29,Glucagon-like peptide 1,Neuropeptide,NP02468,P01275,9606,PubMed ID is not available,HDEFERHAEGTFTSDVSSYLEGQAAKEFIAWLVKGRG,LEGQAAKEFIAWLVKGRG,37,20..37,.svg,5.6,0.24,0.1,0.38,10.06,1.97 kDa,.pdb,.svg,non-toxic | probability=7.74E-08,non-BBP | probability=0.20,Non-CPP | probability=80.41%,.links,.pubchem
ASYNP30,Glucagon,Neuropeptide,NP02467,P01275,9606,11946536,HSQGTFTSDYSKYLDSRRAQDFVQWLMNT,HSQGTFTSDYSKYLDSRRAQ,29,1..20,.svg,5.5,0.23,0.1,0.06,9.84,2.35 kDa,.pdb,.svg,non-toxic | probability=4.57E-17,BBP | probability=0.92,Non-CPP | probability=79.79%,.links,.pubchem
ASYNP31,Gastric inhibitory polypeptide,Neuropeptide,NP02464,P09681,9606,6745415,YAEGTFISDYSIAMDKIHQQDFVNWLLAQKGKKNDWKHNITQ,QQDFVNWLLAQKGKKNDWKHNITQ,42,19..42,.svg,4.2,0.22,0.16,0.24,9.95,2.94 kDa,.pdb,.svg,non-toxic | probability=1.05E-15,BBP | probability=0.56,Non-CPP | probability=77.57%,.links,.pubchem
ASYNP32,Cholecystokinin-58 desnonopeptide (By similarity),Neuropeptide,NP02250,P06307,9606,PubMed ID is not available,VSQRTDGESRAHLGALLARYIQQARKAPSGRMSIVKNLQNLDPSHRISD,GESRAHLGALLARYIQQARKAPSGRMSIVKNLQNLDPSHR,49,7..46,.svg,12.3,0.32,0.18,0.24,12.25,4.44 kDa,.pdb,.svg,non-toxic | probability=1.71E-11,non-BBP | probability=0.34,Non-CPP | probability=76.76%,.links,.pubchem
ASYNP33,Islet amyloid polypeptide,Neuropeptide,NP00850,P10997,9606,3317417;2091067;3035556;17374526,KCNTATCATQRLANFLVHSSNNFGAILSSTNVGSNTY,KCNTATCATQRLANFLVHSSNNFGAILSSTNVGSNTY,37,Full peptide,.svg,4.2,0.21,0.06,0.37,9.19,3.91 kDa,.pdb,.svg,non-toxic | probability=1.91E-17,BBP | probability=0.96,Non-CPP | probability=91.99%,.links,.pubchem
ASYNP34,Proadrenomedullin N-20 terminal peptide,Neuropeptide,NP00045,P35318,9606,PubMed ID is not available,ARLDVASEFRKKWNKWALSR,ARLDVASEFRKKWNKWALSR,20,Full peptide,.svg,6.9,0.27,0.2,0.18,12.25,2.46 kDa,.pdb,.svg,toxic | probability=9.93E-01,non-BBP | probability=0.19,CPP | probability=69.76%,.links,.pubchem
ASYNP35,Adrenomedullin,Neuropeptide,NP00044,P35318,9606,8387282,YRQSMNNFQGLRSFGCRFGTCTVQKLAHQIYQFTDKDKDNVAPRSKISPQGY,YRQSMNNFQGLRSFGCRFGTCTVQKLAHQIYQFTDKDKDNVAPRSKISPQGY,52,Full peptide,.svg,1.2,0.2,0.1,0.25,9.95,6.03 kDa,.pdb,.svg,non-toxic | probability=2.52E-09,BBP | probability=0.94,Non-CPP | probability=90.0%,.links,.pubchem
ASYNP36,Plantaricin W beta (Plw-beta; Bacteriocin),Gut-microbiome,DRAMP00011,Q9AF68,1590,PubMed ID is not available,SGIPCTIGAAVAASIAVCPTTKCSKRCGKRKK,AASIAVCPTTKCSKRCGKR,32,12..30,.svg,1.5,0.22,0.25,0.29,10.28,1.98 kDa,.pdb,.svg,toxic | probability=1.00E+00,non-BBP | probability=0.20,Non-CPP | probability=61.24%,.links,.pubchem
ASYNP37,SmbA1 (Bacteriocin),Gut-microbiome,DRAMP00018,No entry found,1309,15673730,GTTVVNSTFSIVLGNKGYICTVTVECMRNCSK,GTTVVNSTFSIVLGNKGYICTVTVECMRNCSK,32,Full peptide,.svg,1,0.28,0.06,0.49,8.75,3.43 kDa,.pdb,.svg,non-toxic | probability=4.36E-06,non-BBP | probability=0.11,Non-CPP | probability=93.04%,.links,.pubchem
ASYNP38,Mutacin-2 (Mutacin II mutacin H-29B; Bacteriocin),Gut-microbiome,DRAMP00052,O54329; P84110,1309,PubMed ID is not available,NRWWQGVVPTVSYECRMNSWQHVFTCC,NRWWQGVVPTVSYECRMNS,27,1..19,.svg,1.8,0.3,0.1,0.49,9.19,2.31 kDa,.pdb,.svg,non-toxic | probability=5.49E-11,BBP | probability=0.58,Non-CPP | probability=90.72%,.links,.pubchem
ASYNP39,Lacticin Q (Bacteriocin),Gut-microbiome,DRAMP00066,A4UVR2,1358,17351096,AGFLKVVQLLAKYGSKAVQWAWANKGKILDWLNAGQAIDWVVSKIKQILGIK,KYGSKAVQWAWANKGKILDWLNAGQ,52,12..36,.svg,2.8,0.25,0.11,0.47,10.17,2.83 kDa,.pdb,.svg,non-toxic | probability=2.11E-15,BBP | probability=0.88,Non-CPP | probability=76.74%,.links,.pubchem
ASYNP40,Aureocin A53 (Bacteriocin),Gut-microbiome,DRAMP00068,Q8GPI4,1280,12054867,MSWLNFLKYIAKYGKKAVSAAWKYKGKVLEWLNVGPTLEWVWQKLKKIAGL,MSWLNFLKYIAKYGKKAVSAAWKYKGKVLEWLNVGPTL,51,1..38,.svg,7.6,0.37,0.21,0.36,10.17,4.4 kDa,.pdb,.svg,non-toxic | probability=5.52E-11,non-BBP | probability=0.11,Non-CPP | probability=78.11%,.links,.pubchem
ASYNP41,Bacteriocin hiracin-JM79 (HirJM79; Bacteriocin),Gut-microbiome,DRAMP00079,Q0Z8B6,1354,17326750,ATYYGNGLYCNKEKCWVDWNQAKGEIGKIIVNGWVNHGPWAPRR,ATYYGNGLYCNKEKCWVDWNQAKGEIGKIIVNGWVNHGPWAPRR,44,Full peptide,.svg,1.2,0.2,0.07,0.39,9.41,5.09 kDa,.pdb,.svg,non-toxic | probability=3.45E-03,non-BBP | probability=0.41,Non-CPP | probability=89.14%,.links,.pubchem
ASYNP42,Bacteriocin SRCAM 602 (Preclinical),Gut-microbiome,DRAMP00092,P86393,1406,PubMed ID is not available,ATYYGNGLYCNKQKHYTWVDWNKASREIGKIIVNGWVQH,ATYYGNGLYCNKQKHYTWVDWNKASREIGKIIVNGWVQH,39,Full peptide,.svg,1.1,0.24,0.08,0.38,9.63,4.64 kDa,.pdb,.svg,non-toxic | probability=7.78E-06,BBP | probability=0.60,Non-CPP | probability=88.12%,.links,.pubchem
ASYNP43,Bacteriocin SRCAM 37,Gut-microbiome,DRAMP00093,P86395,1406,PubMed ID is not available,FVYGNGVTSILVQAQFLVNGQRRFFYTPDK,FVYGNGVTSILVQAQFLVNGQRRFFYTPDK,30,Full peptide,.svg,1.1,0.22,0.07,0.5,10.39,3.47 kDa,.pdb,.svg,non-toxic | probability=2.30E-10,non-BBP | probability=0.22,Non-CPP | probability=87.71%,.links,.pubchem
ASYNP44,Bacteriocin OR-7 (Preclinical),Gut-microbiome,DRAMP00103,No entry found,1624,PubMed ID is not available,KTYYGTNGVHCTKNSLWGKVRLKNMKYDQNTTYMGRLQDILLGWATGAFGKTFH,MGRLQDILLGWATGAFGKTF,54,34..53,.svg,1.9,0.32,0.1,0.55,11.38,2.18 kDa,.pdb,.svg,non-toxic | probability=1.27E-06,BBP | probability=0.54,Non-CPP | probability=86.19%,.links,.pubchem
ASYNP45,Bacteriocin L-1077,Gut-microbiome,DRAMP00107,No entry found,1624,21378051,TNYGNGVGVPDAIMAGIIKLIFIFNIRQGYNFGKKAT,PDAIMAGIIKLIFIFNIRQ,37,10..28,.svg,1.7,0.23,0.1,0.82,11.38,2.17 kDa,.pdb,.svg,non-toxic | probability=7.21E-24,non-BBP | probability=0.08,Non-CPP | probability=77.44%,.links,.pubchem
ASYNP46,Leucocin C (Pediocin-like peptide; Bacteriocin),Gut-microbiome,DRAMP00108,No entry found,1358,12127968,KNYGNGVHCTKKGCSVDWGYAWANIANNSVMNGLTGGNAGWHN,KNYGNGVHCTKKGCSVDWGY,43,1..20,.svg,1.5,0.23,0.1,0.29,8.97,2.22 kDa,.pdb,.svg,non-toxic | probability=5.26E-05,BBP | probability=0.90,Non-CPP | probability=88.9%,.links,.pubchem
ASYNP47,Plantaricin J (PlnJ; Bacteriocin),Gut-microbiome,DRAMP00128,P71461; Q7AKW6,1590,9603847;19538999,GAWKNFWSSLRKGFYDGEAGRAIRR,GAWKNFWSSLRKGFYDGEAGRAIRR,25,Full peptide,.svg,1,0.21,0.16,0.21,12.03,2.93 kDa,.pdb,.svg,non-toxic | probability=4.80E-15,non-BBP | probability=0.23,Non-CPP | probability=71.82%,.links,.pubchem
ASYNP48,Lactococcin Q alpha (Qalpha; Bacteriocin),Gut-microbiome,DRAMP00130,Q1JV79,1358,16672481,SIWGDIGQGVGKAAYWVGKAMGNMSDVNQASRINRKKKH,SIWGDIGQGVGKAAYWVGKAMGNMSDVNQASRINRKKKH,39,Full peptide,.svg,1.2,0.22,0.13,0.19,10.72,4.26 kDa,.pdb,.svg,non-toxic | probability=6.87E-09,BBP | probability=0.82,Non-CPP | probability=80.79%,.links,.pubchem
ASYNP49,Lactococcin G subunit alpha (Galpha; Bacteriocin),Gut-microbiome,DRAMP00132,P36961,1358,1512201;18187052,GTWDDIGQGIGRVAYWVGKALGNLSDVNQASRINRKKKH,GTWDDIGQGIGRVAYWVGKALGNLSDVNQASRINRKKKH,39,Full peptide,.svg,1.4,0.27,0.1,0.19,10.5,4.31 kDa,.pdb,.svg,non-toxic | probability=1.90E-06,BBP | probability=0.51,Non-CPP | probability=85.36%,.links,.pubchem
ASYNP50,Lactococcin G subunit beta (Gbeta ; Bacteriocin),Gut-microbiome,DRAMP00133,P36962,1358,1512201;18187052,KKWGWLAWVDPAYEFIKGFGKGAIKEGNKDKWKNI,PAYEFIKGFGKGAIKEGNKDK,35,11..31,.svg,1.1,0.37,0.1,0.13,9.73,2.3 kDa,.pdb,.svg,non-toxic | probability=2.26E-06,non-BBP | probability=0.16,Non-CPP | probability=94.28%,.links,.pubchem
ASYNP51,Plantaricin NC8 beta peptide (PLNC8 beta; Bacteriocin),Gut-microbiome,DRAMP00134,Q84HW1,1590,12514019;14973042;18819721,SVPTSVYTLGIKILWSAYKHRKTIEKSFNKGFYH,SVPTSVYTLGIKILWSAYKHRKTIEKSFNKGFYH,34,Full peptide,.svg,2.2,0.27,0.15,0.43,10.28,4.0 kDa,.pdb,.svg,non-toxic | probability=1.06E-05,BBP | probability=0.67,Non-CPP | probability=87.75%,.links,.pubchem
ASYNP52,Plantaricin NC8 alpha peptide (PLNC8 alpha; Bacteriocin),Gut-microbiome,DRAMP00135,Q84HW0,1590,12514019,LTTKLWSSWGYYLGKKARWNLKHPYVQF,LTTKLWSSWGYYLGKKARWNLKHPYVQF,28,Full peptide,.svg,1.5,0.23,0.18,0.54,10.39,3.47 kDa,.pdb,.svg,non-toxic | probability=3.50E-05,non-BBP | probability=0.43,Non-CPP | probability=68.62%,.links,.pubchem
ASYNP53,Plantaricin-A (PlnA; Bacteriocin),Gut-microbiome,DRAMP00143,P80214; F9UU02,1590,PubMed ID is not available,KSSAYSLQMGATAIKQVKKLFKKWGW,KSSAYSLQMGATAIKQVKKLFKKWGW,26,Full peptide,.svg,1.2,0.32,0.23,0.37,10.83,2.99 kDa,.pdb,.svg,toxic | probability=1.00E+00,BBP | probability=0.90,Non-CPP | probability=54.14%,.links,.pubchem
ASYNP54,Enterocin L50A (EntL50A; Bacteriocin),Gut-microbiome,DRAMP00175,D4QP39,1352,9555877;20398277,MGAIAKLVAKFGWPIVKKYYKQIMQFIGEGWAINKIIEWIKKHI,MGAIAKLVAKFGWPIVKKYYKQIMQFIGEGWAINKIIEWIKKHI,44,Full peptide,.svg,4.3,0.31,0.14,0.61,10.17,5.19 kDa,.pdb,.svg,non-toxic | probability=1.47E-03,non-BBP | probability=0.29,Non-CPP | probability=78.68%,.links,.pubchem
ASYNP55,Enterocin L50B (EntL51B; Bacteriocin),Gut-microbiome,DRAMP00176,D4QP38,1352,9555877;20398277,MGAIAKLVTKFGWPLIKKFYKQIMQFIGQGWTIDQIEKWLKRH,MGAIAKLVTKFGWPLIKKFYKQIMQFIGQGWTIDQIEKWLKRH,43,Full peptide,.svg,2.7,0.23,0.14,0.57,10.5,5.18 kDa,.pdb,.svg,non-toxic | probability=7.84E-06,BBP | probability=0.53,Non-CPP | probability=78.63%,.links,.pubchem
ASYNP56,Enterocin Q (EntQ; Bacteriocin),Gut-microbiome,DRAMP00179,Q7WYZ9,1352,11073927;17021217,MNFLKNGIAKWMTGAELQAYKKKYGCLPWEKISC,MNFLKNGIAKWMTGAELQAYK,34,1..21,.svg,5.7,0.3,0.1,0.44,10.06,2.41 kDa,.pdb,.svg,non-toxic | probability=1.94E-04,non-BBP | probability=0.27,Non-CPP | probability=91.53%,.links,.pubchem
ASYNP57,Leucocin Q (Bacteriocin),Gut-microbiome,DRAMP00189,No entry found,33968,20070442,KGLGKLIGIDWLLGQAKDAVKQYKKDYKRWH,KGLGKLIGIDWLLGQAKDAVKQYKKDYKRWH,31,Full peptide,.svg,1.9,0.23,0.16,0.26,10.17,3.66 kDa,.pdb,.svg,non-toxic | probability=2.72E-09,BBP | probability=0.91,Non-CPP | probability=82.11%,.links,.pubchem
ASYNP58,Acidocin 8912 (Bacteriocin),Gut-microbiome,DRAMP00208,Q48501; Q9R5H2,1579,8554765;1368836,KTHYPTNAWKSLWKGFWESLRYTDGF,KTHYPTNAWKSLWKGFWESLRYTDGF,26,Full peptide,.svg,1.6,0.4,0.08,0.44,9.84,3.22 kDa,.pdb,.svg,non-toxic | probability=1.03E-09,BBP | probability=0.88,Non-CPP | probability=82.52%,.links,.pubchem
ASYNP59,PlnA-22 (Bacteriocin),Gut-microbiome,DRAMP00219,No entry found,1590,15805109,YSLQMGATAIKQVKKLFKKWGW,YSLQMGATAIKQVKKLFKKWGW,22,Full peptide,.svg,1.2,0.35,0.23,0.47,10.72,2.61 kDa,.pdb,.svg,toxic | probability=1.00E+00,BBP | probability=0.73,CPP | probability=61.38%,.links,.pubchem
ASYNP60,Bacteriocin UviB,Gut-microbiome,DRAMP00225,P15936,1502,2901768;2460717,ILFSYLLFYVLKENSKREDKYQNIIEELTELLPKIKEDVEDIKEKLNK,FSYLLFYVLKENSKREDKYQNII,48,3..25,.svg,2.5,0.26,0.1,0.2,9.41,2.91 kDa,.pdb,.svg,non-toxic | probability=5.42E-08,BBP | probability=0.73,Non-CPP | probability=84.83%,.links,.pubchem
ASYNP61,Enterocin NKR-5-3D (Bacteriocin),Gut-microbiome,DRAMP00239,No entry found,1352,22738965,TPGGIDFISGGPHVAQDVLNAIKNFFK,GGPHVAQDVLNAIKNFFK,27,10..27,.svg,1.2,0.51,0.1,0.38,10.06,1.96 kDa,.pdb,.svg,non-toxic | probability=2.61E-21,non-BBP | probability=0.25,Non-CPP | probability=90.62%,.links,.pubchem
ASYNP62,Pep27 (Bacteriocin),Gut-microbiome,DRAMP00240,No entry found,1313,16004618,MRKEFHNVLSSGQLLADKRPARDYNRK,MRKEFHNVLSSGQLLADKRP,27,1..20,.svg,1.3,0.29,0.1,0.2,11.38,2.33 kDa,.pdb,.svg,non-toxic | probability=6.08E-08,non-BBP | probability=0.45,Non-CPP | probability=78.78%,.links,.pubchem
ASYNP63,Pln149 (Plantaricin 149; Bacteriocin; Derivatives: Pln149a),Gut-microbiome,DRAMP00249,No entry found,1590,17266050,YSLQMGATAIKQVKKLFKKKGG,YSLQMGATAIKQVKKLFKKKGG,22,Full peptide,.svg,1.1,0.31,0.27,0.22,10.83,2.42 kDa,.pdb,.svg,non-toxic | probability=2.28E-05,BBP | probability=0.88,Non-CPP | probability=50.37%,.links,.pubchem
ASYNP64,Lacticin Z (Bacteriocin),Gut-microbiome,DRAMP00258,A7M6Q0,1358,17690480,MAGFLKVVQILAKYGSKAVQWAWANKGKILDWINAGQAIDWVVEKIKQILGIK,MAGFLKVVQILAKYGSKAVQWAWAN,53,1..25,.svg,3.2,0.36,0.1,0.55,10.5,2.78 kDa,.pdb,.svg,non-toxic | probability=1.02E-14,non-BBP | probability=0.12,Non-CPP | probability=89.24%,.links,.pubchem
ASYNP65,Bacteriocin T8(Bacteriocin),Gut-microbiome,DRAMP18266,Q27HG2,1352,16820469;17088377,TYYGNGLYCNKEKCWVDWNQAKGEIGKIIVNGWVNH,NGLYCNKEKCWVDWNQAKG,36,5..23,.svg,1.5,0.22,0.1,0.32,8.31,2.26 kDa,.pdb,.svg,toxic | probability=1.00E+00,BBP | probability=0.62,Non-CPP | probability=93.8%,.links,.pubchem
ASYNP66,Plantaricin A(Bacteriocin),Gut-microbiome,DRAMP18279,P80214,1590,8245827,AYSLQMGATAIKQVKKLFKKWGW,AYSLQMGATAIKQVKKLFKKWGW,23,Full peptide,.svg,1.1,0.32,0.22,0.46,10.72,2.68 kDa,.pdb,.svg,toxic | probability=6.41E-01,BBP | probability=0.64,CPP | probability=59.83%,.links,.pubchem
ASYNP67,LsbA(Bacteriocin),Gut-microbiome,DRAMP18292,O68888,1358,12801935,FKKKKRNIGTFVFFAIALFCTVMFAYLLLTNQYVPIDYNVPRYA,FKKKKRNIGTFVFFAIALF,44,1..19,.svg,3.5,0.25,0.3,0.5,13.56,2.28 kDa,.pdb,.svg,non-toxic | probability=4.61E-14,BBP | probability=0.81,Non-CPP | probability=62.96%,.links,.pubchem
ASYNP68,Aureocin A70 (AurB)(Bacteriocin),Gut-microbiome,DRAMP18315,Q93GF6,1280,11531330,MGAVAKFLGKAALGGAAGGATYAGLKKIFG,MGAVAKFLGKAALGGAAGGATYAGLKKIFG,30,Full peptide,.svg,1.3,0.21,0.13,0.42,10.61,2.8 kDa,.pdb,.svg,non-toxic | probability=6.12E-19,non-BBP | probability=0.24,Non-CPP | probability=92.56%,.links,.pubchem
ASYNP69,Aureocin A70 (AurD)(Bacteriocin),Gut-microbiome,DRAMP18317,Q93GF8,1280,11531330,MGAVIKVGAKVIGWGAASGAGLYGLEKILKK,MGAVIKVGAKVIGWGAASGAGLYGLEKILKK,31,Full peptide,.svg,1.7,0.29,0.13,0.47,10.28,3.09 kDa,.pdb,.svg,non-toxic | probability=1.03E-13,non-BBP | probability=0.25,Non-CPP | probability=90.92%,.links,.pubchem
ASYNP70,Epidermicin NI01 (Bacteriocin),Gut-microbiome,DRAMP18321,No entry found,1282,22155816,MAAFMKLIQFLATKGQKYVSLAWKRKGTILKWINAGQSFEWIYKQIKKLWA,LATKGQKYVSLAWKRKGTILKWINAGQSF,51,11..39,.svg,2.9,0.28,0.26,0.39,11.81,3.29 kDa,.pdb,.svg,toxic | probability=1.00E+00,non-BBP | probability=0.23,Non-CPP | probability=63.66%,.links,.pubchem
ASYNP71,Pneumococin N (Bacteriocin),Gut-microbiome,DRAMP18329,No entry found,1313,17074857,NSGGAAVVAALGCAAGGVKYGRLLGPWGAAIG,ALGCAAGGVKYGRLLGPWGAAIG,32,10..32,.svg,1,0.29,0.1,0.54,10.06,2.16 kDa,.pdb,.svg,non-toxic | probability=2.75E-13,non-BBP | probability=0.14,Non-CPP | probability=86.8%,.links,.pubchem
ASYNP72,Lacticin Z (Bacteriocin),Gut-microbiome,DRAMP18355,No entry found,1358,17690480,MAAFMKLIQFLATKGQKYVSLAWKHKGTILKWINAGQSFEWIYKQIKKLWA,LATKGQKYVSLAWKHKGTILKWINAGQSFEW,51,11..41,.svg,2.7,0.29,0.19,0.44,10.28,3.59 kDa,.pdb,.svg,toxic | probability=9.99E-01,non-BBP | probability=0.36,Non-CPP | probability=76.36%,.links,.pubchem
ASYNP73,PAMP,Antimicrobial,DRAMP29047,P35318; E9PML4; L5L428,9606,32439180,ARLDVASEFRKKWNKWALSR,ARLDVASEFRKKWNKWALSR,20,Full peptide,.svg,6.9,0.27,0.2,0.18,12.25,2.46 kDa,.pdb,.svg,non-toxic | probability=3.59E-02,non-BBP | probability=0.19,CPP | probability=69.76%,.links,.pubchem
ASYNP74,Human lactoferricin,Antimicrobial,DRAMP03635,P02788; B7Z4X2; E7EQH5; O00756; Q16780; Q16785; Q16786; Q16789; Q8IU92,9606,PubMed ID is not available,GRRRSVQWCAVSQPEATKCFQWQRNMRKVRGPPVSCIKRDSPIQCIQA,QWCAVSQPEATKCFQWQRNMRKVRGPPVSCIKRDSPIQ,48,7..44,.svg,1,0.32,0.21,0.24,10.28,4.46 kDa,.pdb,.svg,non-toxic | probability=6.20E-07,BBP | probability=0.52,Non-CPP | probability=79.04%,.links,.pubchem
ASYNP75,Beta-defensin 134,Antimicrobial,DRAMP03629,Q4QY38; A1L4A4,9606,PubMed ID is not available,GINSLSSEMHKKCYKNGICRLECYESEMLVAYCMFQLECCVKGNPAP,LSSEMHKKCYKNGICRLECYESEM,47,5..28,.svg,4.9,0.23,0.1,0.27,7,2.88 kDa,.pdb,.svg,toxic | probability=1.00E+00,BBP | probability=0.60,Non-CPP | probability=92.65%,.links,.pubchem
ASYNP76,Beta-defensin 131,Antimicrobial,DRAMP03626,P59861,9606,PubMed ID is not available,FISNDECPSEYYHCRLKCNADEHAIRYCADFSICCKLKIIEIDGQKKW,AIRYCADFSICCKLKIIEI,48,24..42,.svg,1.5,0.23,0.1,0.73,8.09,2.2 kDa,.pdb,.svg,toxic | probability=1.00E+00,non-BBP | probability=0.18,Non-CPP | probability=80.36%,.links,.pubchem
ASYNP77,Beta-defensin 125,Antimicrobial,DRAMP03621,Q8N687; A1A502; Q7Z7B9,9606,PubMed ID is not available,SFEPQKCWKNNVGHCRRRCLDTERYILLCRNKLSCCISIISHEYTRR,SFEPQKCWKNNVGHCRRRCLDTERYILLCRNKLSCCISIISHEYTRR,47,Full peptide,.svg,4.6,0.27,0.13,0.36,9.19,5.73 kDa,.pdb,.svg,toxic | probability=5.03E-01,BBP | probability=0.64,Non-CPP | probability=73.93%,.links,.pubchem
ASYNP78,Beta-defensin 124,Antimicrobial,DRAMP03620,Q8NES8; Q30E74,9606,PubMed ID is not available,EFKRCWKGQGACQTYCTRQETYMHLCPDASLCCLSYALKPPPVPKHEYE,EFKRCWKGQGACQTYCTRQETYMH,49,1..24,.svg,1,0.32,0.14,0.29,8.75,2.96 kDa,.pdb,.svg,non-toxic | probability=4.78E-06,non-BBP | probability=0.50,Non-CPP | probability=84.23%,.links,.pubchem
ASYNP79,Beta-defensin 110,Antimicrobial,DRAMP03611,Q30KQ9; Q30KR0,9606,PubMed ID is not available,KKKYPEYGSLDLRRECRIGNGQCKNQCHENEIRIAYCIRPGTHCCLQQ,GSLDLRRECRIGNGQCKNQCHEN,48,8..30,.svg,1.2,0.28,0.1,0.07,8.31,2.63 kDa,.pdb,.svg,non-toxic | probability=6.74E-04,non-BBP | probability=0.15,Non-CPP | probability=76.57%,.links,.pubchem
ASYNP80,DCD-1,Antimicrobial,DRAMP03587,P81605; A5JHP2; A5JHP3; P58461; Q53YJ2,9606,PubMed ID is not available,SSLLEKGLDGAKKAVGGLGKLGKDAVEDLESVGKGAVHDVKDVLDSV,SSLLEKGLDGAKKAVGGLGKLGKDAVEDL,47,1..29,.svg,1.2,0.48,0.11,0.12,7,2.87 kDa,.pdb,.svg,non-toxic | probability=1.42E-12,non-BBP | probability=0.33,Non-CPP | probability=93.88%,.links,.pubchem
ASYNP81,Antibacterial protein FALL-39,Antimicrobial,DRAMP03572,P49913; Q71SN9,9606,PubMed ID is not available,FALLGDFFRKSKEKIGKEFKRIVQRIKDFLRNLVPRTES,FALLGDFFRKSKEKIGKEFKRIVQRIKDFLRNLVPRTES,39,Full peptide,.svg,4.7,0.53,0.15,0.24,11.38,4.71 kDa,.pdb,.svg,non-toxic | probability=1.63E-06,non-BBP | probability=0.25,Non-CPP | probability=73.71%,.links,.pubchem
ASYNP82,Salvic,Antimicrobial,DRAMP03566,No entry found,9606,PubMed ID is not available,MHDFWVLWVLLEYIYNSACSVLSATSSVSSRVLNRSLQVKVVKITN,IYNSACSVLSATSSVSSRVLNRSLQV,46,14..39,.svg,7.2,0.31,0.1,0.38,10.94,2.74 kDa,.pdb,.svg,non-toxic | probability=2.31E-20,BBP | probability=0.60,Non-CPP | probability=77.14%,.links,.pubchem
ASYNP83,Adrenomedullin,Antimicrobial,DRAMP03551,P35318,9606,10225288,YRQSMNNFQGLRSFGCRFGTCTVQKLAHQIYQFTDKDKDNVAPRSKISPQGY,YRQSMNNFQGLRSFGCRFGTCTVQKLAHQIYQFTDKDKDNVAPRSKISPQGY,52,Full peptide,.svg,1.2,0.2,0.1,0.25,9.95,6.03 kDa,.pdb,.svg,non-toxic | probability=5.79E-05,BBP | probability=0.94,Non-CPP | probability=90.0%,.links,.pubchem
ASYNP84,ALL-38,Antimicrobial,DRAMP03549,P49913,9606,12759353,ALLGDFFRKSKEKIGKEFKRIVQRIKDFLRNLVPRTES,ALLGDFFRKSKEKIGKEFKRIVQRIKDFLRNLVPRTES,38,Full peptide,.svg,4.8,0.5,0.16,0.2,11.38,4.56 kDa,.pdb,.svg,non-toxic | probability=1.10E-05,non-BBP | probability=0.09,Non-CPP | probability=72.93%,.links,.pubchem
ASYNP85,ELP,Antimicrobial,DRAMP03548,No entry found,9606,9371339,RIAGYGLRGLAVIIRICIRGLNLIFEIIR,RIAGYGLRGLAVIIRICIRGLNLIFEIIR,29,Full peptide,.svg,4.8,0.5,0.14,0.73,12.36,3.28 kDa,.pdb,.svg,non-toxic | probability=3.08E-19,non-BBP | probability=0.48,Non-CPP | probability=68.72%,.links,.pubchem
ASYNP86,HBD-5,Antimicrobial,DRAMP18375,Q8NG35,9606,12193721,GLDFSQPFPSGEFAVCESCKLGRGKCRKECLENEKPDGNCRLNFLCCRQRI,FAVCESCKLGRGKCRKECLEN,51,13..33,.svg,1.1,0.27,0.15,0.21,8.53,2.37 kDa,.pdb,.svg,toxic | probability=1.00E+00,BBP | probability=0.51,Non-CPP | probability=91.34%,.links,.pubchem
ASYNP87,HBD-6,Antimicrobial,DRAMP18374,Q8N104,9606,12193721,FFDEKCNKLKGTCKNNCGKNEELIALCQKSLKCCRTIQPSGSIID,FFDEKCNKLKGTCKNNCGKNEELIALCQKSLKCCRTIQPSGSIID,45,Full peptide,.svg,3.5,0.25,0.07,0.31,8.53,5.02 kDa,.pdb,.svg,toxic | probability=1.00E+00,non-BBP | probability=0.18,Non-CPP | probability=92.42%,.links,.pubchem
ASYNP88,Human beta-defensin 4,Antimicrobial,DRAMP03600,Q8WTQ1; Q496I2; Q496I3; Q496I4,9606,PubMed ID is not available,EFELDRICGYGTARCRKKCRSQEYRIGRCPNTYACCLRKWDESLLNRTKP,EFELDRICGYGTARCRKKCRSQEYRIGRCPNTYACCLRKWDESLLNRTKP,50,Full peptide,.svg,3.2,0.32,0.12,0.23,9.19,5.99 kDa,.pdb,.svg,non-toxic | probability=1.49E-06,non-BBP | probability=0.20,Non-CPP | probability=73.48%,.links,.pubchem
ASYNP89,LL-37,Antimicrobial,DRAMP03573,P49913; Q71SN9,9606,16637646,IGKEFKRIVQRIKDFLRNLVPRTES,IGKEFKRIVQRIKDFLRNLVPRTES,25,Full peptide,.svg,5.5,0.62,0.16,0.24,12.03,3.04 kDa,.pdb,.svg,non-toxic | probability=3.12E-13,non-BBP | probability=0.22,Non-CPP | probability=66.08%,.links,.pubchem
ASYNP90,LL-23,Antimicrobial,DRAMP03570,P49913; Q71SN9,9606,17012259;22185690,LLGDFFRKSKEKIGKEFKRIVQR,LLGDFFRKSKEKIGKEFKRIVQR,23,Full peptide,.svg,1.1,0.52,0.22,0.14,11.38,2.82 kDa,.pdb,.svg,non-toxic | probability=5.20E-09,BBP | probability=0.59,Non-CPP | probability=69.56%,.links,.pubchem
ASYNP91,KS-30,Antimicrobial,DRAMP03569,P49913,9606,14978112,KSKEKIGKEFKRIVQRIKDFLRNLVPRTES,KSKEKIGKEFKRIVQRIKDFLRNLVPRTES,30,Full peptide,.svg,5.5,0.55,0.2,0.07,11.38,3.64 kDa,.pdb,.svg,non-toxic | probability=4.04E-09,BBP | probability=0.86,Non-CPP | probability=68.51%,.links,.pubchem
ASYNP92,RK-31,Antimicrobial,DRAMP03568,P49913,9606,14978112,RKSKEKIGKEFKRIVQRIKDFLRNLVPRTES,RKSKEKIGKEFKRIVQRIKDFLRNLVPRTES,31,Full peptide,.svg,5.3,0.54,0.23,0.04,11.81,3.8 kDa,.pdb,.svg,non-toxic | probability=4.52E-09,BBP | probability=0.83,Non-CPP | probability=65.17%,.links,.pubchem
ASYNP93,KR-20,Antimicrobial,DRAMP03567,P49913,9606,14978112,KRIVQRIKDFLRNLVPRTES,KRIVQRIKDFLRNLVPRTES,20,Full peptide,.svg,2.5,0.56,0.2,0.2,12.47,2.47 kDa,.pdb,.svg,non-toxic | probability=1.54E-12,BBP | probability=0.75,Non-CPP | probability=58.0%,.links,.pubchem
ASYNP94,P1,Antimicrobial,DRAMP03562,No entry found,9606,22884922,FLAKAVAKAAAKALAKAL,FLAKAVAKAAAKALAKAL,18,Full peptide,.svg,6.6,0.25,0.22,0.39,12.25,1.76 kDa,.pdb,.svg,toxic | probability=9.95E-01,non-BBP | probability=0.46,CPP | probability=55.7%,.links,.pubchem
ASYNP95,Human KS-27,Antimicrobial,DRAMP03541,P49913,9606,17012259,KSKEKIGKEFKRIVQRIKDFLRNLVPR,KSKEKIGKEFKRIVQRIKDFLRNLVPR,27,Full peptide,.svg,5.5,0.59,0.26,0.1,12.03,3.33 kDa,.pdb,.svg,non-toxic | probability=3.68E-10,BBP | probability=0.82,Non-CPP | probability=61.81%,.links,.pubchem
