aSynPEP ID,Peptide name,Type,Source ID,UniProt Accession number,Source organism,PubMed ID,Peptide sequence,Inhibitory sequence,Length full peptide,Longest inhibitory region,Helical wheel,Helicity (AGADIR),Amphipathicity (uH),NCPR,Hydrophobicity (H),pI,Mass,AlphaFold structural model,pH of order (DispHred),Cytotoxicity (ToxIBTL),Blood Brain Barrier permeability (BBPPred),Cell-penetrating (BchemRF-CPPred),Gut/brain expression,Pathways
ASYNP001,Neuropeptide Y,Neuropeptide,NP03887,P01303,Homo sapiens;9606,No associated references found,YPSKPDNPGEDAPAEDMARYYSALRHYINLITRQRY,DMARYYSALRHYINLITRQRY,36,16..36,.svg,12,0.44,0.18,0.4,10.5,2.7 kDa,.pdb,.svg,non-toxic | probability=2.17E-15,non-BBP | probability=0.40,CPP | probability=74.11%,.links,.pubchem
ASYNP002,Copeptin,Neuropeptide,NP05893,P01185,Homo sapiens;9606,7271787,ASDRSNATQLDGPAGALLLRLVQLAGAPEPFEPAQPDAY,RSNATQLDGPAGALLLRL,39,4..21,.svg,11.3,0.23,0.1,0.38,12.47,1.87 kDa,.pdb,.svg,non-toxic | probability=2.96E-06,non-BBP | probability=0.36,CPP | probability=55.56%,.links,.pubchem
ASYNP003,Neuropeptide K,Neuropeptide,NP05684,P20366,Homo sapiens;9606,No associated references found,DADSSIEKQVALLKALYGHGQISHKRHKTDSFVGLM,KQVALLKALYGHGQISHKRHKT,36,8..29,.svg,13.5,0.25,0.2,0.32,11.38,2.51 kDa,.pdb,.svg,non-toxic | probability=3.02E-08,BBP | probability=0.94,CPP | probability=63.99%,.links,.pubchem
ASYNP004,Urocortin-3,Neuropeptide,NP05244,Q969E3,Homo sapiens;9606,No associated references found,FTLSLDVPTNIMNLLFNIAKAKNLRAQAAANAHLMAQI,LDVPTNIMNLLFNIAKAKNLRAQA,38,5..28,.svg,16.4,0.28,0.16,0.46,11.38,2.67 kDa,.pdb,.svg,non-toxic | probability=9.78E-16,non-BBP | probability=0.43,Non-CPP | probability=78.58%,.links,.pubchem
ASYNP005,Urocortin-2,Neuropeptide,NP05243,Q96RP3,Homo sapiens;9606,No associated references found,IVLSLDVPIGLLQILLEQARARAAREQATTNARILARVGHC,RARAAREQATTNARILARVGHC,41,20..41,.svg,42.3,0.29,0.16,0.09,12.69,2.42 kDa,.pdb,.svg,non-toxic | probability=1.42E-05,BBP | probability=0.83,CPP | probability=71.34%,.links,.pubchem
ASYNP006,Urocortin,Neuropeptide,NP05242,P55089,Homo sapiens;9606,No associated references found,DNPSLSIDLTFHLLRTLLELARTQSQRERAEQNRIIFDSV,LTFHLLRTLLELARTQSQRERAEQ,40,9..32,.svg,21.1,0.31,0.1,0.26,12.03,2.91 kDa,.pdb,.svg,non-toxic | probability=2.33E-20,non-BBP | probability=0.33,CPP | probability=50.61%,.links,.pubchem
ASYNP007,Corticoliberin,Neuropeptide,NP05241,P06850,Homo sapiens;9606,No associated references found,SEEPPISLDLTFHLLREVLEMARAEQLAQQAHSNRKLMEII,ARAEQLAQQAHSNRKLME,41,22..39,.svg,33.5,0.21,0.1,0.02,11.38,2.08 kDa,.pdb,.svg,non-toxic | probability=1.81E-21,non-BBP | probability=0.14,Non-CPP | probability=82.49%,.links,.pubchem
ASYNP008,QRF-amide,Neuropeptide,NP05222,P83859,Homo sapiens;9606,No associated references found,QDEGSEATGFLPAAGEKTSGPLGNLAEELNGYSRKKGGFSFRF,SGPLGNLAEELNGYSRKKGGFSFRF,43,19..43,.svg,1.1,0.34,0.1,0.11,10.28,2.73 kDa,.pdb,.svg,non-toxic | probability=1.92E-10,BBP | probability=0.51,Non-CPP | probability=94.71%,.links,.pubchem
ASYNP009,Big PEN-LEN (By similarity),Neuropeptide,NP04923,Q9UHG2,Homo sapiens;9606,No associated references found,AADHDVGSELPPEGVLGALLRVKRLETPAPQVPARRLLPP,PPEGVLGALLRVKRLETPAPQ,40,11..31,.svg,2.8,0.22,0.1,0.42,11.38,2.24 kDa,.pdb,.svg,non-toxic | probability=1.96E-06,non-BBP | probability=0.12,Non-CPP | probability=86.28%,.links,.pubchem
ASYNP010,PTHrP[1-36],Neuropeptide,NP04425,P12272,Homo sapiens;9606,No associated references found,AVSEHQLLHDKGKSIQDLRRRFFLHHLIAEIHTAEI,SEHQLLHDKGKSIQDLRRRFFLHHL,36,3..27,.svg,21.4,0.37,0.18,0.15,11.38,3.11 kDa,.pdb,.svg,non-toxic | probability=9.97E-15,BBP | probability=0.86,Non-CPP | probability=77.05%,.links,.pubchem
ASYNP011,Tuberoinfundibular peptide of 39residues,Neuropeptide,NP04409,Q96A98,Homo sapiens;9606,No associated references found,SLALADDAAFRERARLLAALERRHWLNSYMHKLLVLDAP,DDAAFRERARLLAALERRHWLN,39,6..27,.svg,40.1,0.3,0.16,0.19,11.81,2.68 kDa,.pdb,.svg,non-toxic | probability=1.06E-07,BBP | probability=0.77,CPP | probability=71.65%,.links,.pubchem
ASYNP012,Orexin-B,Neuropeptide,NP04401,O43612,Homo sapiens;9606,No associated references found,RSGPPGLQGRLQRLLQASGNHAAGILTM,RSGPPGLQGRLQRLLQASGNHAAGILTM,28,Full peptide,.svg,5.4,0.32,0.11,0.35,14.5,2.9 kDa,.pdb,.svg,non-toxic | probability=1.17E-07,BBP | probability=0.89,Non-CPP | probability=85.27%,.links,.pubchem
ASYNP013,Orexin-A,Neuropeptide,NP04400,O43612,Homo sapiens;9606,No associated references found,QPLPDCCRQKTCSCRLYELLHGAGNHAAGILTL,RQKTCSCRLYELLHGAGNHA,33,8..27,.svg,2.3,0.29,0.1,0.35,9.19,2.26 kDa,.pdb,.svg,toxic | probability=9.98E-01,BBP | probability=0.91,Non-CPP | probability=56.84%,.links,.pubchem
ASYNP014,Peptide YY,Neuropeptide,NP03959,Q5JQD4,Homo sapiens;9606,3202875;2587421,YPIKPEAPREDASPEELNRYYASLRHYLNLVTRQRY,ELNRYYASLRHYLNLVTRQRY,36,16..36,.svg,12.4,0.42,0.18,0.33,10.5,2.73 kDa,.pdb,.svg,non-toxic | probability=6.33E-28,non-BBP | probability=0.34,Non-CPP | probability=60.75%,.links,.pubchem
ASYNP015,Pancreatic hormone,Neuropeptide,NP03957,P01298,Homo sapiens;9606,No associated references found,APLEPVYPGDNATPEQMAQYAADLRRYINMLTRPRY,QMAQYAADLRRYINMLTRPRY,36,16..36,.svg,19.7,0.46,0.15,0.32,11.38,2.63 kDa,.pdb,.svg,non-toxic | probability=2.71E-20,BBP | probability=0.50,CPP | probability=63.73%,.links,.pubchem
ASYNP016,Neuroendocrine regulatory peptide-2,Neuropeptide,NP05914,O15240,Homo sapiens;9606,No associated references found,QAEATRQAAAQEERLADLASDLLLQYLLQGGARQRGLG,SDLLLQYLLQGGARQRGLG,38,20..38,.svg,21.9,0.21,0.1,0.45,10.94,2.06 kDa,.pdb,.svg,non-toxic | probability=5.98E-12,non-BBP | probability=0.06,Non-CPP | probability=78.01%,.links,.pubchem
ASYNP017,CNP-53,Neuropeptide,NP03694,P23582,Homo sapiens;9606,No associated references found,DLRVDTKSRAAWARLLQEHPNARKYKGANKKGLSKGCFGLKLDRIGSMSGLGC,DLRVDTKSRAAWARLLQEHPNARKYKGAN,53,1..29,.svg,3.7,0.29,0.16,0.16,11.38,3.37 kDa,.pdb,.svg,non-toxic | probability=2.38E-03,non-BBP | probability=0.48,Non-CPP | probability=68.0%,.links,.pubchem
ASYNP018,Melanin-concentrating hormone,Neuropeptide,NP02908,P20382,Homo sapiens;9606,No associated references found,DFDMLRCMLGRVYRPCWQV,DFDMLRCMLGRVYRPCWQV,19,Full peptide,.svg,4.5,0.41,0.1,0.65,8.53,2.39 kDa,.pdb,.svg,non-toxic | probability=1.58E-08,BBP | probability=0.93,Non-CPP | probability=79.88%,.links,.pubchem
ASYNP019,Relaxin B chain,Neuropeptide,NP02774,P04090,Homo sapiens;9606,2076464,DSWMEEVIKLCGRELVRAQIAICGMSTWS,EVIKLCGRELVRAQIAICGMST,29,6..27,.svg,5.5,0.3,0.1,0.58,8.53,2.39 kDa,.pdb,.svg,non-toxic | probability=5.60E-11,non-BBP | probability=0.07,Non-CPP | probability=82.96%,.links,.pubchem
ASYNP020,Relaxin B chain (By similarity),Neuropeptide,NP02772,P04808,Homo sapiens;9606,No associated references found,VAAKWKDDVIKLCGRELVRAQIAICGMSTWS,VAAKWKDDVIKLCGRELVRAQIAICGMSTWS,31,Full peptide,.svg,1.7,0.22,0.06,0.49,9.19,3.45 kDa,.pdb,.svg,non-toxic | probability=2.23E-05,non-BBP | probability=0.47,Non-CPP | probability=75.45%,.links,.pubchem
ASYNP021,Vasoactive intestinal peptide (VIP),Neuropeptide/Antimicrobial/Food-derived,NP02480;DRAMP03543;DFBPBBBP0004,P01282,Homo sapiens;9606,18603306,HSDAVFTDNYTRLRKQMAVKKYLNSILN,HSDAVFTDNYTRLRKQMAVKK,28,1..21,.svg,6.6,0.25,0.12,0.17,10.5,2.51 kDa,.pdb,.svg,non-toxic | probability=3.38E-09,BBP | probability=0.93,Non-CPP | probability=70.72%,.links,.pubchem
ASYNP022,Intestinal peptide PHM-27,Neuropeptide,NP02478,P01282,Homo sapiens;9606,No associated references found,HADGVFTSDFSKLLGQLSAKKYLESLM,GVFTSDFSKLLGQLSAKKYL,27,4..23,.svg,2,0.3,0.1,0.4,10.06,2.2 kDa,.pdb,.svg,non-toxic | probability=1.45E-04,non-BBP | probability=0.20,Non-CPP | probability=81.33%,.links,.pubchem
ASYNP023,Somatoliberin,Neuropeptide,NP02477,P01286,Homo sapiens;9606,6812220,YADAIFTNSYRKVLGQLSARKLLQDIMSRQQGESNQERGARARL,YADAIFTNSYRKVLGQLSARKLL,44,1..23,.svg,10.2,0.29,0.15,0.35,10.5,2.63 kDa,.pdb,.svg,non-toxic | probability=9.76E-13,BBP | probability=0.79,Non-CPP | probability=75.34%,.links,.pubchem
ASYNP024,Secretin,Neuropeptide,NP02476,P09683,Homo sapiens;9606,No associated references found,HSDGTFTSELSRLREGARLQRLLQGLV,ELSRLREGARLQRLLQGLV,27,9..27,.svg,10.8,0.24,0.15,0.31,12.47,2.21 kDa,.pdb,.svg,non-toxic | probability=1.54E-11,non-BBP | probability=0.11,Non-CPP | probability=77.0%,.links,.pubchem
ASYNP025,Pituitary adenylate cyclase-activating polypeptide 38,Neuropeptide/Food-derived,NP02475;DFBPBBBP0010,P18509,Homo sapiens;9606,No associated references found,HSDGIFTDSYSRYRKQMAVKKYLAAVLGKRYKQRVKNK,RYRKQMAVKKYLAAVLGKRYKQ,38,12..33,.svg,24.6,0.23,0.3,0.22,11.38,2.7 kDa,.pdb,.svg,non-toxic | probability=3.82E-20,BBP | probability=0.89,CPP | probability=73.81%,.links,.pubchem
ASYNP026,Pituitary adenylate cyclase-activating polypeptide 27,Neuropeptide/Food-derived,NP02474;DFBPBBBP0009,P18509,Homo sapiens;9606,No associated references found,HSDGIFTDSYSRYRKQMAVKKYLAAVL,HSDGIFTDSYSRYRKQMAVKKYLAAVL,27,Full peptide,.svg,8.4,0.2,0.11,0.3,10.06,3.15 kDa,.pdb,.svg,non-toxic | probability=5.32E-09,BBP | probability=0.95,Non-CPP | probability=81.03%,.links,.pubchem
ASYNP027,PACAP-related peptide,Neuropeptide,NP02473,P18509,Homo sapiens;9606,No associated references found,DVAHGILNEAYRKVLDQLSAGKHLQSLVARGVGGSLGGGAGDDAEPLS,YRKVLDQLSAGKHLQSLVARGVGGSLGGGAG,48,11..41,.svg,9.5,0.24,0.1,0.34,11.38,3.05 kDa,.pdb,.svg,non-toxic | probability=1.10E-07,BBP | probability=0.84,Non-CPP | probability=86.74%,.links,.pubchem
ASYNP028,Oxyntomodulin (By similarity),Neuropeptide,NP02472,P01275,Homo sapiens;9606,No associated references found,HSQGTFTSDYSKYLDSRRAQDFVQWLMNTKRNRNNIA,LDSRRAQDFVQWLMNTKRNRNNIA,37,14..37,.svg,13.8,0.3,0.14,0.13,12.47,2.95 kDa,.pdb,.svg,non-toxic | probability=7.24E-20,BBP | probability=0.65,Non-CPP | probability=68.98%,.links,.pubchem
ASYNP029,Glucagon-like peptide 1,Neuropeptide,NP02468,P01275,Homo sapiens;9606,No associated references found,HDEFERHAEGTFTSDVSSYLEGQAAKEFIAWLVKGRG,LEGQAAKEFIAWLVKGRG,37,20..37,.svg,5.6,0.24,0.1,0.38,10.06,1.97 kDa,.pdb,.svg,non-toxic | probability=7.74E-08,non-BBP | probability=0.20,Non-CPP | probability=80.41%,.links,.pubchem
ASYNP030,Glucagon,Neuropeptide,NP02467,P01275,Homo sapiens;9606,11946536,HSQGTFTSDYSKYLDSRRAQDFVQWLMNT,HSQGTFTSDYSKYLDSRRAQ,29,1..20,.svg,5.5,0.23,0.1,0.06,9.84,2.35 kDa,.pdb,.svg,non-toxic | probability=4.57E-17,BBP | probability=0.92,Non-CPP | probability=79.79%,.links,.pubchem
ASYNP031,Gastric inhibitory polypeptide,Neuropeptide,NP02464,P09681,Homo sapiens;9606,6745415,YAEGTFISDYSIAMDKIHQQDFVNWLLAQKGKKNDWKHNITQ,QQDFVNWLLAQKGKKNDWKHNITQ,42,19..42,.svg,4.2,0.22,0.16,0.24,9.95,2.94 kDa,.pdb,.svg,non-toxic | probability=1.05E-15,BBP | probability=0.56,Non-CPP | probability=77.57%,.links,.pubchem
ASYNP032,Cholecystokinin-58 desnonopeptide (By similarity),Neuropeptide,NP02250,P06307,Homo sapiens;9606,No associated references found,VSQRTDGESRAHLGALLARYIQQARKAPSGRMSIVKNLQNLDPSHRISD,GESRAHLGALLARYIQQARKAPSGRMSIVKNLQNLDPSHR,49,7..46,.svg,12.3,0.32,0.18,0.24,12.25,4.44 kDa,.pdb,.svg,non-toxic | probability=1.71E-11,non-BBP | probability=0.34,Non-CPP | probability=76.76%,.links,.pubchem
ASYNP033,Islet amyloid polypeptide,Neuropeptide,NP00850,P10997,Homo sapiens;9606,3317417;2091067;3035556;17374526,KCNTATCATQRLANFLVHSSNNFGAILSSTNVGSNTY,KCNTATCATQRLANFLVHSSNNFGAILSSTNVGSNTY,37,Full peptide,.svg,4.2,0.21,0.06,0.37,9.19,3.91 kDa,.pdb,.svg,non-toxic | probability=1.91E-17,BBP | probability=0.96,Non-CPP | probability=91.99%,.links,.pubchem
ASYNP034,Proadrenomedullin N-20 terminal peptide,Neuropeptide,NP00045,P35318,Homo sapiens;9606,No associated references found,ARLDVASEFRKKWNKWALSR,ARLDVASEFRKKWNKWALSR,20,Full peptide,.svg,6.9,0.27,0.2,0.18,12.25,2.46 kDa,.pdb,.svg,toxic | probability=9.93E-01,non-BBP | probability=0.19,CPP | probability=69.76%,.links,.pubchem
ASYNP035,Adrenomedullin,Neuropeptide,NP00044,P35318,Homo sapiens;9606,8387282,YRQSMNNFQGLRSFGCRFGTCTVQKLAHQIYQFTDKDKDNVAPRSKISPQGY,YRQSMNNFQGLRSFGCRFGTCTVQKLAHQIYQFTDKDKDNVAPRSKISPQGY,52,Full peptide,.svg,1.2,0.2,0.1,0.25,9.95,6.03 kDa,.pdb,.svg,non-toxic | probability=2.52E-09,BBP | probability=0.94,Non-CPP | probability=90.0%,.links,.pubchem
ASYNP036,Plantaricin W beta (Plw-beta; Bacteriocin),Gut-microbiome,DRAMP00011,Q9AF68,Lactiplantibacillus plantarum;1590,No associated references found,SGIPCTIGAAVAASIAVCPTTKCSKRCGKRKK,AASIAVCPTTKCSKRCGKR,32,12..30,.svg,1.5,0.22,0.25,0.29,10.28,1.98 kDa,.pdb,.svg,toxic | probability=1.00E+00,non-BBP | probability=0.20,Non-CPP | probability=61.24%,.links,.pubchem
ASYNP037,SmbA1 (Bacteriocin),Gut-microbiome,DRAMP00018,Precursor protein not found,Streptococcus mutans;1309,15673730,GTTVVNSTFSIVLGNKGYICTVTVECMRNCSK,GTTVVNSTFSIVLGNKGYICTVTVECMRNCSK,32,Full peptide,.svg,1,0.28,0.06,0.49,8.75,3.43 kDa,.pdb,.svg,non-toxic | probability=4.36E-06,non-BBP | probability=0.11,Non-CPP | probability=93.04%,.links,.pubchem
ASYNP038,Mutacin-2 (Mutacin II mutacin H-29B; Bacteriocin),Gut-microbiome,DRAMP00052,O54329; P84110,Streptococcus mutans;1309,No associated references found,NRWWQGVVPTVSYECRMNSWQHVFTCC,NRWWQGVVPTVSYECRMNS,27,1..19,.svg,1.8,0.3,0.1,0.49,9.19,2.31 kDa,.pdb,.svg,non-toxic | probability=5.49E-11,BBP | probability=0.58,Non-CPP | probability=90.72%,.links,.pubchem
ASYNP039,Lacticin Q (Bacteriocin),Gut-microbiome,DRAMP00066,A4UVR2,Lactococcus lactis;1358,17351096,AGFLKVVQLLAKYGSKAVQWAWANKGKILDWLNAGQAIDWVVSKIKQILGIK,KYGSKAVQWAWANKGKILDWLNAGQ,52,12..36,.svg,2.8,0.25,0.11,0.47,10.17,2.83 kDa,.pdb,.svg,non-toxic | probability=2.11E-15,BBP | probability=0.88,Non-CPP | probability=76.74%,.links,.pubchem
ASYNP040,Aureocin A53 (Bacteriocin),Gut-microbiome,DRAMP00068,Q8GPI4,Staphylococcus aureus;1280,12054867,MSWLNFLKYIAKYGKKAVSAAWKYKGKVLEWLNVGPTLEWVWQKLKKIAGL,MSWLNFLKYIAKYGKKAVSAAWKYKGKVLEWLNVGPTL,51,1..38,.svg,7.6,0.37,0.21,0.36,10.17,4.4 kDa,.pdb,.svg,non-toxic | probability=5.52E-11,non-BBP | probability=0.11,Non-CPP | probability=78.11%,.links,.pubchem
ASYNP041,Bacteriocin hiracin-JM79 (HirJM79; Bacteriocin),Gut-microbiome,DRAMP00079,Q0Z8B6,Enterococcus hirae;1354,17326750,ATYYGNGLYCNKEKCWVDWNQAKGEIGKIIVNGWVNHGPWAPRR,ATYYGNGLYCNKEKCWVDWNQAKGEIGKIIVNGWVNHGPWAPRR,44,Full peptide,.svg,1.2,0.2,0.07,0.39,9.41,5.09 kDa,.pdb,.svg,non-toxic | probability=3.45E-03,non-BBP | probability=0.41,Non-CPP | probability=89.14%,.links,.pubchem
ASYNP042,Bacteriocin SRCAM 602 (Preclinical),Gut-microbiome,DRAMP00092,P86393,Paenibacillus polymyxa;1406,No associated references found,ATYYGNGLYCNKQKHYTWVDWNKASREIGKIIVNGWVQH,ATYYGNGLYCNKQKHYTWVDWNKASREIGKIIVNGWVQH,39,Full peptide,.svg,1.1,0.24,0.08,0.38,9.63,4.64 kDa,.pdb,.svg,non-toxic | probability=7.78E-06,BBP | probability=0.60,Non-CPP | probability=88.12%,.links,.pubchem
ASYNP043,Bacteriocin SRCAM 37,Gut-microbiome,DRAMP00093,P86395,Paenibacillus polymyxa;1406,No associated references found,FVYGNGVTSILVQAQFLVNGQRRFFYTPDK,FVYGNGVTSILVQAQFLVNGQRRFFYTPDK,30,Full peptide,.svg,1.1,0.22,0.07,0.5,10.39,3.47 kDa,.pdb,.svg,non-toxic | probability=2.30E-10,non-BBP | probability=0.22,Non-CPP | probability=87.71%,.links,.pubchem
ASYNP044,Bacteriocin OR-7 (Preclinical),Gut-microbiome,DRAMP00103,Precursor protein not found,Ligilactobacillus salivarius;1624,No associated references found,KTYYGTNGVHCTKNSLWGKVRLKNMKYDQNTTYMGRLQDILLGWATGAFGKTFH,MGRLQDILLGWATGAFGKTF,54,34..53,.svg,1.9,0.32,0.1,0.55,11.38,2.18 kDa,.pdb,.svg,non-toxic | probability=1.27E-06,BBP | probability=0.54,Non-CPP | probability=86.19%,.links,.pubchem
ASYNP045,Bacteriocin L-1077,Gut-microbiome,DRAMP00107,Precursor protein not found,Ligilactobacillus salivarius;1624,21378051,TNYGNGVGVPDAIMAGIIKLIFIFNIRQGYNFGKKAT,PDAIMAGIIKLIFIFNIRQ,37,10..28,.svg,1.7,0.23,0.1,0.82,11.38,2.17 kDa,.pdb,.svg,non-toxic | probability=7.21E-24,non-BBP | probability=0.08,Non-CPP | probability=77.44%,.links,.pubchem
ASYNP046,Leucocin C (Pediocin-like peptide; Bacteriocin),Gut-microbiome,DRAMP00108,Precursor protein not found,Lactococcus lactis;1358,12127968,KNYGNGVHCTKKGCSVDWGYAWANIANNSVMNGLTGGNAGWHN,KNYGNGVHCTKKGCSVDWGY,43,1..20,.svg,1.5,0.23,0.1,0.29,8.97,2.22 kDa,.pdb,.svg,non-toxic | probability=5.26E-05,BBP | probability=0.90,Non-CPP | probability=88.9%,.links,.pubchem
ASYNP047,Plantaricin J (PlnJ; Bacteriocin),Gut-microbiome,DRAMP00128,P71461; Q7AKW6,Lactiplantibacillus plantarum;1590,9603847;19538999,GAWKNFWSSLRKGFYDGEAGRAIRR,GAWKNFWSSLRKGFYDGEAGRAIRR,25,Full peptide,.svg,1,0.21,0.16,0.21,12.03,2.93 kDa,.pdb,.svg,non-toxic | probability=4.80E-15,non-BBP | probability=0.23,Non-CPP | probability=71.82%,.links,.pubchem
ASYNP048,Lactococcin Q alpha (Qalpha; Bacteriocin),Gut-microbiome,DRAMP00130,Q1JV79,Lactococcus lactis;1358,16672481,SIWGDIGQGVGKAAYWVGKAMGNMSDVNQASRINRKKKH,SIWGDIGQGVGKAAYWVGKAMGNMSDVNQASRINRKKKH,39,Full peptide,.svg,1.2,0.22,0.13,0.19,10.72,4.26 kDa,.pdb,.svg,non-toxic | probability=6.87E-09,BBP | probability=0.82,Non-CPP | probability=80.79%,.links,.pubchem
ASYNP049,Lactococcin G subunit alpha (Galpha; Bacteriocin),Gut-microbiome,DRAMP00132,P36961,Lactococcus lactis;1358,1512201;18187052,GTWDDIGQGIGRVAYWVGKALGNLSDVNQASRINRKKKH,GTWDDIGQGIGRVAYWVGKALGNLSDVNQASRINRKKKH,39,Full peptide,.svg,1.4,0.27,0.1,0.19,10.5,4.31 kDa,.pdb,.svg,non-toxic | probability=1.90E-06,BBP | probability=0.51,Non-CPP | probability=85.36%,.links,.pubchem
ASYNP050,Lactococcin G subunit beta (Gbeta ; Bacteriocin),Gut-microbiome,DRAMP00133,P36962,Lactococcus lactis;1358,1512201;18187052,KKWGWLAWVDPAYEFIKGFGKGAIKEGNKDKWKNI,PAYEFIKGFGKGAIKEGNKDK,35,11..31,.svg,1.1,0.37,0.1,0.13,9.73,2.3 kDa,.pdb,.svg,non-toxic | probability=2.26E-06,non-BBP | probability=0.16,Non-CPP | probability=94.28%,.links,.pubchem
ASYNP051,Plantaricin NC8 beta peptide (PLNC8 beta; Bacteriocin),Gut-microbiome,DRAMP00134,Q84HW1,Lactiplantibacillus plantarum;1590,12514019;14973042;18819721,SVPTSVYTLGIKILWSAYKHRKTIEKSFNKGFYH,SVPTSVYTLGIKILWSAYKHRKTIEKSFNKGFYH,34,Full peptide,.svg,2.2,0.27,0.15,0.43,10.28,4.0 kDa,.pdb,.svg,non-toxic | probability=1.06E-05,BBP | probability=0.67,Non-CPP | probability=87.75%,.links,.pubchem
ASYNP052,Plantaricin NC8 alpha peptide (PLNC8 alpha; Bacteriocin),Gut-microbiome,DRAMP00135,Q84HW0,Lactiplantibacillus plantarum;1590,12514019,LTTKLWSSWGYYLGKKARWNLKHPYVQF,LTTKLWSSWGYYLGKKARWNLKHPYVQF,28,Full peptide,.svg,1.5,0.23,0.18,0.54,10.39,3.47 kDa,.pdb,.svg,non-toxic | probability=3.50E-05,non-BBP | probability=0.43,Non-CPP | probability=68.62%,.links,.pubchem
ASYNP053,Plantaricin-A (PlnA; Bacteriocin),Gut-microbiome,DRAMP00143,P80214; F9UU02,Lactiplantibacillus plantarum;1590,No associated references found,KSSAYSLQMGATAIKQVKKLFKKWGW,KSSAYSLQMGATAIKQVKKLFKKWGW,26,Full peptide,.svg,1.2,0.32,0.23,0.37,10.83,2.99 kDa,.pdb,.svg,toxic | probability=1.00E+00,BBP | probability=0.90,Non-CPP | probability=54.14%,.links,.pubchem
ASYNP054,Enterocin L50A (EntL50A; Bacteriocin),Gut-microbiome,DRAMP00175,D4QP39,Enterococcus faecium;1352,9555877;20398277,MGAIAKLVAKFGWPIVKKYYKQIMQFIGEGWAINKIIEWIKKHI,MGAIAKLVAKFGWPIVKKYYKQIMQFIGEGWAINKIIEWIKKHI,44,Full peptide,.svg,4.3,0.31,0.14,0.61,10.17,5.19 kDa,.pdb,.svg,non-toxic | probability=1.47E-03,non-BBP | probability=0.29,Non-CPP | probability=78.68%,.links,.pubchem
ASYNP055,Enterocin L50B (EntL51B; Bacteriocin),Gut-microbiome,DRAMP00176,D4QP38,Enterococcus faecium;1352,9555877;20398277,MGAIAKLVTKFGWPLIKKFYKQIMQFIGQGWTIDQIEKWLKRH,MGAIAKLVTKFGWPLIKKFYKQIMQFIGQGWTIDQIEKWLKRH,43,Full peptide,.svg,2.7,0.23,0.14,0.57,10.5,5.18 kDa,.pdb,.svg,non-toxic | probability=7.84E-06,BBP | probability=0.53,Non-CPP | probability=78.63%,.links,.pubchem
ASYNP056,Enterocin Q (EntQ; Bacteriocin),Gut-microbiome,DRAMP00179,Q7WYZ9,Enterococcus faecium;1352,11073927;17021217,MNFLKNGIAKWMTGAELQAYKKKYGCLPWEKISC,MNFLKNGIAKWMTGAELQAYK,34,1..21,.svg,5.7,0.3,0.1,0.44,10.06,2.41 kDa,.pdb,.svg,non-toxic | probability=1.94E-04,non-BBP | probability=0.27,Non-CPP | probability=91.53%,.links,.pubchem
ASYNP057,Leucocin Q (Bacteriocin),Gut-microbiome,DRAMP00189,Precursor protein not found,Leuconostoc pseudomesenteroides;33968,20070442,KGLGKLIGIDWLLGQAKDAVKQYKKDYKRWH,KGLGKLIGIDWLLGQAKDAVKQYKKDYKRWH,31,Full peptide,.svg,1.9,0.23,0.16,0.26,10.17,3.66 kDa,.pdb,.svg,non-toxic | probability=2.72E-09,BBP | probability=0.91,Non-CPP | probability=82.11%,.links,.pubchem
ASYNP058,Acidocin 8912 (Bacteriocin),Gut-microbiome,DRAMP00208,Q48501; Q9R5H2,Lactobacillus acidophilus;1579,8554765;1368836,KTHYPTNAWKSLWKGFWESLRYTDGF,KTHYPTNAWKSLWKGFWESLRYTDGF,26,Full peptide,.svg,1.6,0.4,0.08,0.44,9.84,3.22 kDa,.pdb,.svg,non-toxic | probability=1.03E-09,BBP | probability=0.88,Non-CPP | probability=82.52%,.links,.pubchem
ASYNP059,PlnA-22 (Bacteriocin),Gut-microbiome,DRAMP00219,Precursor protein not found,Lactiplantibacillus plantarum;1590,15805109,YSLQMGATAIKQVKKLFKKWGW,YSLQMGATAIKQVKKLFKKWGW,22,Full peptide,.svg,1.2,0.35,0.23,0.47,10.72,2.61 kDa,.pdb,.svg,toxic | probability=1.00E+00,BBP | probability=0.73,CPP | probability=61.38%,.links,.pubchem
ASYNP060,Bacteriocin UviB,Gut-microbiome,DRAMP00225,P15936,Clostridium perfringens;1502,2901768;2460717,ILFSYLLFYVLKENSKREDKYQNIIEELTELLPKIKEDVEDIKEKLNK,FSYLLFYVLKENSKREDKYQNII,48,3..25,.svg,2.5,0.26,0.1,0.2,9.41,2.91 kDa,.pdb,.svg,non-toxic | probability=5.42E-08,BBP | probability=0.73,Non-CPP | probability=84.83%,.links,.pubchem
ASYNP061,Enterocin NKR-5-3D (Bacteriocin),Gut-microbiome,DRAMP00239,Precursor protein not found,Enterococcus faecium;1352,22738965,TPGGIDFISGGPHVAQDVLNAIKNFFK,GGPHVAQDVLNAIKNFFK,27,10..27,.svg,1.2,0.51,0.1,0.38,10.06,1.96 kDa,.pdb,.svg,non-toxic | probability=2.61E-21,non-BBP | probability=0.25,Non-CPP | probability=90.62%,.links,.pubchem
ASYNP062,Pep27 (Bacteriocin),Gut-microbiome,DRAMP00240,Precursor protein not found,Streptococcus pneumoniae;1313,16004618,MRKEFHNVLSSGQLLADKRPARDYNRK,MRKEFHNVLSSGQLLADKRP,27,1..20,.svg,1.3,0.29,0.1,0.2,11.38,2.33 kDa,.pdb,.svg,non-toxic | probability=6.08E-08,non-BBP | probability=0.45,Non-CPP | probability=78.78%,.links,.pubchem
ASYNP063,Pln149 (Plantaricin 149; Bacteriocin; Derivatives: Pln149a),Gut-microbiome,DRAMP00249,Precursor protein not found,Lactiplantibacillus plantarum;1590,17266050,YSLQMGATAIKQVKKLFKKKGG,YSLQMGATAIKQVKKLFKKKGG,22,Full peptide,.svg,1.1,0.31,0.27,0.22,10.83,2.42 kDa,.pdb,.svg,non-toxic | probability=2.28E-05,BBP | probability=0.88,Non-CPP | probability=50.37%,.links,.pubchem
ASYNP064,Lacticin Z (Bacteriocin),Gut-microbiome,DRAMP00258,A7M6Q0,Lactococcus lactis;1358,17690480,MAGFLKVVQILAKYGSKAVQWAWANKGKILDWINAGQAIDWVVEKIKQILGIK,MAGFLKVVQILAKYGSKAVQWAWAN,53,1..25,.svg,3.2,0.36,0.1,0.55,10.5,2.78 kDa,.pdb,.svg,non-toxic | probability=1.02E-14,non-BBP | probability=0.12,Non-CPP | probability=89.24%,.links,.pubchem
ASYNP065,Bacteriocin T8(Bacteriocin),Gut-microbiome,DRAMP18266,Q27HG2,Enterococcus faecium;1352,16820469;17088377,TYYGNGLYCNKEKCWVDWNQAKGEIGKIIVNGWVNH,NGLYCNKEKCWVDWNQAKG,36,5..23,.svg,1.5,0.22,0.1,0.32,8.31,2.26 kDa,.pdb,.svg,toxic | probability=1.00E+00,BBP | probability=0.62,Non-CPP | probability=93.8%,.links,.pubchem
ASYNP066,Plantaricin A(Bacteriocin),Gut-microbiome,DRAMP18279,P80214,Lactiplantibacillus plantarum;1590,8245827,AYSLQMGATAIKQVKKLFKKWGW,AYSLQMGATAIKQVKKLFKKWGW,23,Full peptide,.svg,1.1,0.32,0.22,0.46,10.72,2.68 kDa,.pdb,.svg,toxic | probability=6.41E-01,BBP | probability=0.64,CPP | probability=59.83%,.links,.pubchem
ASYNP067,LsbA(Bacteriocin),Gut-microbiome,DRAMP18292,O68888,Lactococcus lactis;1358,12801935,FKKKKRNIGTFVFFAIALFCTVMFAYLLLTNQYVPIDYNVPRYA,FKKKKRNIGTFVFFAIALF,44,1..19,.svg,3.5,0.25,0.3,0.5,13.56,2.28 kDa,.pdb,.svg,non-toxic | probability=4.61E-14,BBP | probability=0.81,Non-CPP | probability=62.96%,.links,.pubchem
ASYNP068,Aureocin A70 (AurB)(Bacteriocin),Gut-microbiome,DRAMP18315,Q93GF6,Staphylococcus aureus;1280,11531330,MGAVAKFLGKAALGGAAGGATYAGLKKIFG,MGAVAKFLGKAALGGAAGGATYAGLKKIFG,30,Full peptide,.svg,1.3,0.21,0.13,0.42,10.61,2.8 kDa,.pdb,.svg,non-toxic | probability=6.12E-19,non-BBP | probability=0.24,Non-CPP | probability=92.56%,.links,.pubchem
ASYNP069,Aureocin A70 (AurD)(Bacteriocin),Gut-microbiome,DRAMP18317,Q93GF8,Staphylococcus aureus;1280,11531330,MGAVIKVGAKVIGWGAASGAGLYGLEKILKK,MGAVIKVGAKVIGWGAASGAGLYGLEKILKK,31,Full peptide,.svg,1.7,0.29,0.13,0.47,10.28,3.09 kDa,.pdb,.svg,non-toxic | probability=1.03E-13,non-BBP | probability=0.25,Non-CPP | probability=90.92%,.links,.pubchem
ASYNP070,Epidermicin NI01 (Bacteriocin),Gut-microbiome,DRAMP18321,Precursor protein not found,Staphylococcus epidermidis;1282,22155816,MAAFMKLIQFLATKGQKYVSLAWKRKGTILKWINAGQSFEWIYKQIKKLWA,LATKGQKYVSLAWKRKGTILKWINAGQSF,51,11..39,.svg,2.9,0.28,0.26,0.39,11.81,3.29 kDa,.pdb,.svg,toxic | probability=1.00E+00,non-BBP | probability=0.23,Non-CPP | probability=63.66%,.links,.pubchem
ASYNP071,Pneumococin N (Bacteriocin),Gut-microbiome,DRAMP18329,Precursor protein not found,Streptococcus pneumoniae;1313,17074857,NSGGAAVVAALGCAAGGVKYGRLLGPWGAAIG,ALGCAAGGVKYGRLLGPWGAAIG,32,10..32,.svg,1,0.29,0.1,0.54,10.06,2.16 kDa,.pdb,.svg,non-toxic | probability=2.75E-13,non-BBP | probability=0.14,Non-CPP | probability=86.8%,.links,.pubchem
ASYNP072,Lacticin Z (Bacteriocin),Gut-microbiome,DRAMP18355,Precursor protein not found,Lactococcus lactis;1358,17690480,MAAFMKLIQFLATKGQKYVSLAWKHKGTILKWINAGQSFEWIYKQIKKLWA,LATKGQKYVSLAWKHKGTILKWINAGQSFEW,51,11..41,.svg,2.7,0.29,0.19,0.44,10.28,3.59 kDa,.pdb,.svg,toxic | probability=9.99E-01,non-BBP | probability=0.36,Non-CPP | probability=76.36%,.links,.pubchem
ASYNP073,PAMP,Antimicrobial,DRAMP29047,P35318; E9PML4; L5L428,Homo sapiens;9606,32439180,ARLDVASEFRKKWNKWALSR,ARLDVASEFRKKWNKWALSR,20,Full peptide,.svg,6.9,0.27,0.2,0.18,12.25,2.46 kDa,.pdb,.svg,non-toxic | probability=3.59E-02,non-BBP | probability=0.19,CPP | probability=69.76%,.links,.pubchem
ASYNP074,Human lactoferricin,Antimicrobial,DRAMP03635,P02788; B7Z4X2; E7EQH5; O00756; Q16780; Q16785; Q16786; Q16789; Q8IU92,Homo sapiens;9606,No associated references found,GRRRSVQWCAVSQPEATKCFQWQRNMRKVRGPPVSCIKRDSPIQCIQA,QWCAVSQPEATKCFQWQRNMRKVRGPPVSCIKRDSPIQ,48,7..44,.svg,1,0.32,0.21,0.24,10.28,4.46 kDa,.pdb,.svg,non-toxic | probability=6.20E-07,BBP | probability=0.52,Non-CPP | probability=79.04%,.links,.pubchem
ASYNP075,Beta-defensin 134,Antimicrobial,DRAMP03629,Q4QY38; A1L4A4,Homo sapiens;9606,No associated references found,GINSLSSEMHKKCYKNGICRLECYESEMLVAYCMFQLECCVKGNPAP,LSSEMHKKCYKNGICRLECYESEM,47,5..28,.svg,4.9,0.23,0.1,0.27,7,2.88 kDa,.pdb,.svg,toxic | probability=1.00E+00,BBP | probability=0.60,Non-CPP | probability=92.65%,.links,.pubchem
ASYNP076,Beta-defensin 131,Antimicrobial,DRAMP03626,P59861,Homo sapiens;9606,No associated references found,FISNDECPSEYYHCRLKCNADEHAIRYCADFSICCKLKIIEIDGQKKW,AIRYCADFSICCKLKIIEI,48,24..42,.svg,1.5,0.23,0.1,0.73,8.09,2.2 kDa,.pdb,.svg,toxic | probability=1.00E+00,non-BBP | probability=0.18,Non-CPP | probability=80.36%,.links,.pubchem
ASYNP077,Beta-defensin 125,Antimicrobial,DRAMP03621,Q8N687; A1A502; Q7Z7B9,Homo sapiens;9606,No associated references found,SFEPQKCWKNNVGHCRRRCLDTERYILLCRNKLSCCISIISHEYTRR,SFEPQKCWKNNVGHCRRRCLDTERYILLCRNKLSCCISIISHEYTRR,47,Full peptide,.svg,4.6,0.27,0.13,0.36,9.19,5.73 kDa,.pdb,.svg,toxic | probability=5.03E-01,BBP | probability=0.64,Non-CPP | probability=73.93%,.links,.pubchem
ASYNP078,Beta-defensin 124,Antimicrobial,DRAMP03620,Q8NES8; Q30E74,Homo sapiens;9606,No associated references found,EFKRCWKGQGACQTYCTRQETYMHLCPDASLCCLSYALKPPPVPKHEYE,EFKRCWKGQGACQTYCTRQETYMH,49,1..24,.svg,1,0.32,0.14,0.29,8.75,2.96 kDa,.pdb,.svg,non-toxic | probability=4.78E-06,non-BBP | probability=0.50,Non-CPP | probability=84.23%,.links,.pubchem
ASYNP079,Beta-defensin 110,Antimicrobial,DRAMP03611,Q30KQ9; Q30KR0,Homo sapiens;9606,No associated references found,KKKYPEYGSLDLRRECRIGNGQCKNQCHENEIRIAYCIRPGTHCCLQQ,GSLDLRRECRIGNGQCKNQCHEN,48,8..30,.svg,1.2,0.28,0.1,0.07,8.31,2.63 kDa,.pdb,.svg,non-toxic | probability=6.74E-04,non-BBP | probability=0.15,Non-CPP | probability=76.57%,.links,.pubchem
ASYNP080,DCD-1,Antimicrobial,DRAMP03587,P81605; A5JHP2; A5JHP3; P58461; Q53YJ2,Homo sapiens;9606,No associated references found,SSLLEKGLDGAKKAVGGLGKLGKDAVEDLESVGKGAVHDVKDVLDSV,SSLLEKGLDGAKKAVGGLGKLGKDAVEDL,47,1..29,.svg,1.2,0.48,0.11,0.12,7,2.87 kDa,.pdb,.svg,non-toxic | probability=1.42E-12,non-BBP | probability=0.33,Non-CPP | probability=93.88%,.links,.pubchem
ASYNP081,Antibacterial protein FALL-39,Antimicrobial,DRAMP03572,P49913; Q71SN9,Homo sapiens;9606,No associated references found,FALLGDFFRKSKEKIGKEFKRIVQRIKDFLRNLVPRTES,FALLGDFFRKSKEKIGKEFKRIVQRIKDFLRNLVPRTES,39,Full peptide,.svg,4.7,0.53,0.15,0.24,11.38,4.71 kDa,.pdb,.svg,non-toxic | probability=1.63E-06,non-BBP | probability=0.25,Non-CPP | probability=73.71%,.links,.pubchem
ASYNP082,Salvic,Antimicrobial,DRAMP03566,Precursor protein not found,Homo sapiens;9606,No associated references found,MHDFWVLWVLLEYIYNSACSVLSATSSVSSRVLNRSLQVKVVKITN,IYNSACSVLSATSSVSSRVLNRSLQV,46,14..39,.svg,7.2,0.31,0.1,0.38,10.94,2.74 kDa,.pdb,.svg,non-toxic | probability=2.31E-20,BBP | probability=0.60,Non-CPP | probability=77.14%,.links,.pubchem
ASYNP083,Adrenomedullin,Antimicrobial,DRAMP03551,P35318,Homo sapiens;9606,10225288,YRQSMNNFQGLRSFGCRFGTCTVQKLAHQIYQFTDKDKDNVAPRSKISPQGY,YRQSMNNFQGLRSFGCRFGTCTVQKLAHQIYQFTDKDKDNVAPRSKISPQGY,52,Full peptide,.svg,1.2,0.2,0.1,0.25,9.95,6.03 kDa,.pdb,.svg,non-toxic | probability=5.79E-05,BBP | probability=0.94,Non-CPP | probability=90.0%,.links,.pubchem
ASYNP084,ALL-38,Antimicrobial,DRAMP03549,P49913,Homo sapiens;9606,12759353,ALLGDFFRKSKEKIGKEFKRIVQRIKDFLRNLVPRTES,ALLGDFFRKSKEKIGKEFKRIVQRIKDFLRNLVPRTES,38,Full peptide,.svg,4.8,0.5,0.16,0.2,11.38,4.56 kDa,.pdb,.svg,non-toxic | probability=1.10E-05,non-BBP | probability=0.09,Non-CPP | probability=72.93%,.links,.pubchem
ASYNP085,ELP,Antimicrobial,DRAMP03548,Precursor protein not found,Homo sapiens;9606,9371339,RIAGYGLRGLAVIIRICIRGLNLIFEIIR,RIAGYGLRGLAVIIRICIRGLNLIFEIIR,29,Full peptide,.svg,4.8,0.5,0.14,0.73,12.36,3.28 kDa,.pdb,.svg,non-toxic | probability=3.08E-19,non-BBP | probability=0.48,Non-CPP | probability=68.72%,.links,.pubchem
ASYNP086,HBD-5,Antimicrobial,DRAMP18375,Q8NG35,Homo sapiens;9606,12193721,GLDFSQPFPSGEFAVCESCKLGRGKCRKECLENEKPDGNCRLNFLCCRQRI,FAVCESCKLGRGKCRKECLEN,51,13..33,.svg,1.1,0.27,0.15,0.21,8.53,2.37 kDa,.pdb,.svg,toxic | probability=1.00E+00,BBP | probability=0.51,Non-CPP | probability=91.34%,.links,.pubchem
ASYNP087,HBD-6,Antimicrobial,DRAMP18374,Q8N104,Homo sapiens;9606,12193721,FFDEKCNKLKGTCKNNCGKNEELIALCQKSLKCCRTIQPSGSIID,FFDEKCNKLKGTCKNNCGKNEELIALCQKSLKCCRTIQPSGSIID,45,Full peptide,.svg,3.5,0.25,0.07,0.31,8.53,5.02 kDa,.pdb,.svg,toxic | probability=1.00E+00,non-BBP | probability=0.18,Non-CPP | probability=92.42%,.links,.pubchem
ASYNP088,Human beta-defensin 4,Antimicrobial,DRAMP03600,Q8WTQ1; Q496I2; Q496I3; Q496I4,Homo sapiens;9606,No associated references found,EFELDRICGYGTARCRKKCRSQEYRIGRCPNTYACCLRKWDESLLNRTKP,EFELDRICGYGTARCRKKCRSQEYRIGRCPNTYACCLRKWDESLLNRTKP,50,Full peptide,.svg,3.2,0.32,0.12,0.23,9.19,5.99 kDa,.pdb,.svg,non-toxic | probability=1.49E-06,non-BBP | probability=0.20,Non-CPP | probability=73.48%,.links,.pubchem
ASYNP089,LL-37,Antimicrobial,DRAMP03573,P49913; Q71SN9,Homo sapiens;9606,16637646,IGKEFKRIVQRIKDFLRNLVPRTES,IGKEFKRIVQRIKDFLRNLVPRTES,25,Full peptide,.svg,5.5,0.62,0.16,0.24,12.03,3.04 kDa,.pdb,.svg,non-toxic | probability=3.12E-13,non-BBP | probability=0.22,Non-CPP | probability=66.08%,.links,.pubchem
ASYNP090,LL-23,Antimicrobial,DRAMP03570,P49913; Q71SN9,Homo sapiens;9606,17012259;22185690,LLGDFFRKSKEKIGKEFKRIVQR,LLGDFFRKSKEKIGKEFKRIVQR,23,Full peptide,.svg,1.1,0.52,0.22,0.14,11.38,2.82 kDa,.pdb,.svg,non-toxic | probability=5.20E-09,BBP | probability=0.59,Non-CPP | probability=69.56%,.links,.pubchem
ASYNP091,KS-30,Antimicrobial,DRAMP03569,P49913,Homo sapiens;9606,14978112,KSKEKIGKEFKRIVQRIKDFLRNLVPRTES,KSKEKIGKEFKRIVQRIKDFLRNLVPRTES,30,Full peptide,.svg,5.5,0.55,0.2,0.07,11.38,3.64 kDa,.pdb,.svg,non-toxic | probability=4.04E-09,BBP | probability=0.86,Non-CPP | probability=68.51%,.links,.pubchem
ASYNP092,RK-31,Antimicrobial,DRAMP03568,P49913,Homo sapiens;9606,14978112,RKSKEKIGKEFKRIVQRIKDFLRNLVPRTES,RKSKEKIGKEFKRIVQRIKDFLRNLVPRTES,31,Full peptide,.svg,5.3,0.54,0.23,0.04,11.81,3.8 kDa,.pdb,.svg,non-toxic | probability=4.52E-09,BBP | probability=0.83,Non-CPP | probability=65.17%,.links,.pubchem
ASYNP093,KR-20,Antimicrobial,DRAMP03567,P49913,Homo sapiens;9606,14978112,KRIVQRIKDFLRNLVPRTES,KRIVQRIKDFLRNLVPRTES,20,Full peptide,.svg,2.5,0.56,0.2,0.2,12.47,2.47 kDa,.pdb,.svg,non-toxic | probability=1.54E-12,BBP | probability=0.75,Non-CPP | probability=58.0%,.links,.pubchem
ASYNP094,P1,Antimicrobial,DRAMP03562,Precursor protein not found,Homo sapiens;9606,22884922,FLAKAVAKAAAKALAKAL,FLAKAVAKAAAKALAKAL,18,Full peptide,.svg,6.6,0.25,0.22,0.39,12.25,1.76 kDa,.pdb,.svg,toxic | probability=9.95E-01,non-BBP | probability=0.46,CPP | probability=55.7%,.links,.pubchem
ASYNP095,Human KS-27,Antimicrobial,DRAMP03541,P49913,Homo sapiens;9606,17012259,KSKEKIGKEFKRIVQRIKDFLRNLVPR,KSKEKIGKEFKRIVQRIKDFLRNLVPR,27,Full peptide,.svg,5.5,0.59,0.26,0.1,12.03,3.33 kDa,.pdb,.svg,non-toxic | probability=3.68E-10,BBP | probability=0.82,Non-CPP | probability=61.81%,.links,.pubchem
ASYNP096,ACE-inhibitory peptide,Food-derived,DFBPACEI1155,P02666,Bos taurus;9913,8201050,LSSSEESITRINKKIEKFQSEEQQQTEDELQDKIHPFAQTQSLVYPFPGPIPNS,LSSSEESITRINKKIEKFQS,54,1..20,,1.5,0.51,0.1,0.11,9.625,2.32 kDa,.pdb,.svg,non-toxic | probability=8.02E-10,non-BBP | probability=0.43,Non-CPP | probability=80.28%,.links,.pubchem
ASYNP097,Antioxidative peptide; CSP1,Food-derived,DFBPANOX0539,Precursor protein not found,Cuminum cyminum;52462,10.1016/j.jff.2016.01.011,FFRSKLLSDGAAAAKGALLPQYW,KLLSDGAAAAKGALLPQY,23,5..22,,3.6,0.2,0.1,0.39,9.734375,1.79 kDa,.pdb,.svg,non-toxic | probability=9.31E-10,BBP | probability=0.66,Non-CPP | probability=83.67%,.links,.pubchem
ASYNP098,Antioxidative peptide,Food-derived,DFBPANOX0582,Precursor protein not found,Limnonectes fragilis;291939,26122987,APIRMWYMYRKLTDMEPKPVA,APIRMWYMYRKLTDMEPKPVA,21,Full peptide,,1.1,0.3,0.1,0.48,10.0625,2.6 kDa,.pdb,.svg,non-toxic | probability=1.35E-12,non-BBP | probability=0.34,Non-CPP | probability=50.47%,.links,.pubchem
ASYNP099,Anticancer peptide,Food-derived,DFBPANCA0003,P24627,Bos taurus;9913,12362437,FKCRRWQWRMKKLGAPSITCVR,FKCRRWQWRMKKLGAPSITCVR,22,Full peptide,,1.1,0.23,0.32,0.42,12.46875,2.75 kDa,.pdb,.svg,non-toxic | probability=8.53E-08,BBP | probability=0.81,CPP | probability=72.11%,.links,.pubchem
ASYNP100,Anticancer peptide,Food-derived,DFBPANCA0015,Precursor protein not found,Scombridae gen. sp.;8233,10.1016/j.jff.2014.08.015,KLPPLLLAKLLMSGKLLAEPCTGR,KLPPLLLAKLLMSGKLLAEPCTGR,24,Full peptide,,7.1,0.23,0.13,0.61,10.28125,2.56 kDa,.pdb,.svg,toxic | probability=0.76,BBP | probability=0.65,Non-CPP | probability=72.66%,.links,.pubchem
ASYNP101,Anticancer peptide; Ascaphin-8,Food-derived,DFBPANCA0028,P0CJ32,Ascaphus truei;8439,18554256,GFKDLLKGAAKALVKTVLF,GFKDLLKGAAKALVKTVLF,19,Full peptide,,1,0.4,0.16,0.49,10.5,2.02 kDa,.pdb,.svg,non-toxic | probability=1.06E-11,non-BBP | probability=0.09,Non-CPP | probability=91.22%,.links,.pubchem
ASYNP102,Anticancer peptide; Dermaseptin B2,Food-derived,DFBPANCA0031,P31107,Phyllomedusa bicolor;8393,21132338,GLWSKIKEVGKEAAKAAAKAAGKAALGAVSEAV,GLWSKIKEVGKEAAKAAAKAAGKAALGAVSEAV,33,Full peptide,,10.4,0.2,0.09,0.2,9.953125,3.18 kDa,.pdb,.svg,non-toxic | probability=2.71E-16,non-BBP | probability=0.06,Non-CPP | probability=89.57%,.links,.pubchem
ASYNP103,Anticancer peptide; Dermaseptin-PD-1,Food-derived,DFBPANCA0033,A0A0X8XRJ2,Agalychnis dacnicolor;75988,27187467,GMWSKIKETAMAAAKEAAKAAGKTISDMIKQ,GMWSKIKETAMAAAKEAAKAAGKTISDMIKQ,31,Full peptide,,13.9,0.38,0.1,0.19,9.953125,3.27 kDa,.pdb,.svg,non-toxic | probability=3.66E-14,non-BBP | probability=0.12,Non-CPP | probability=85.09%,.links,.pubchem
ASYNP104,Anticancer peptide; Dermaseptin-PD-2,Food-derived,DFBPANCA0034,A0A0X8XQY5,Agalychnis dacnicolor;75988,27187467,GMWSKIKNAGKAAAKAAAKAAGKAALDAVSEAI,GMWSKIKNAGKAAAKAAAKAAGKAA,33,1..25,,7.1,0.35,0.28,0.08,12.25,2.37 kDa,.pdb,.svg,non-toxic | probability=8.53E-17,non-BBP | probability=0.28,Non-CPP | probability=65.23%,.links,.pubchem
ASYNP105,Anticancer peptide; Dermaseptin L1,Food-derived,DFBPANCA0035,P0DTD6,Agalychnis lemur;317382,17561225,GLWSKIKEAAKAAGKAALNAVTGLVNQGDQPS,GLWSKIKEAAKAAGKAALNAVTGLVNQGDQPS,32,Full peptide,,3.8,0.37,0.06,0.24,9.953125,3.19 kDa,.pdb,.svg,non-toxic | probability=1.98E-12,non-BBP | probability=0.10,Non-CPP | probability=89.36%,.links,.pubchem
ASYNP106,Anticancer peptide; Phylloseptin-PBa,Food-derived,DFBPANCA0037,A0A0U5GX15,Phyllomedusa baltea;860370,26633506,MAFLKKSLFLVLFGLVSLSIC,MAFLKKSLFLVLFGLVSL,21,1..18,,1.4,0.23,0.1,0.97,12.25,2.03 kDa,.pdb,.svg,non-toxic | probability=2.97E-21,non-BBP | probability=0.09,Non-CPP | probability=91.01%,.links,.pubchem
ASYNP107,Anticancer peptide; Hymenochirin-1B,Food-derived,DFBPANCA0039,W8NYW9,Hymenochirus boettgeri;247094,24185042,KLSPETKDNLKKVLKGAIKGAIVAKMV,KLSPETKDNLKKVLKGAIKGAIVAKMV,27,Full peptide,,12,0.23,0.19,0.24,10.390625,2.88 kDa,.pdb,.svg,non-toxic | probability=5.91E-06,BBP | probability=0.60,Non-CPP | probability=87.02%,.links,.pubchem
ASYNP108,Anticancer peptide; Peptide XT-7,Food-derived,DFBPANCA0042,P84381,Xenopus tropicalis;8364,18554256,GLLGPLLKIAAKVGSNLL,GLLGPLLKIAAKVGSNLL,18,Full peptide,,1.9,0.47,0.11,0.66,12.25,1.78 kDa,.pdb,.svg,non-toxic | probability=1.32E-18,non-BBP | probability=0.06,Non-CPP | probability=91.04%,.links,.pubchem
ASYNP109,Anticancer peptide; Esculentin-2CHa,Food-derived,DFBPANCA0043,D3UA61,Lithobates chiricahuensis;152345,23159562,GFSSIFRGVAKFASKGLGKDLAKLGVDLVACKISKQC,GFSSIFRGVAKFASKGLGKDLAKLGVDLVACKISKQ,37,1..36,,1.4,0.35,0.15,0.37,10.28125,3.74 kDa,.pdb,.svg,non-toxic | probability=2.14E-07,non-BBP | probability=0.08,Non-CPP | probability=89.8%,.links,.pubchem
ASYNP110,Anticancer peptide; BMAP-28,Food-derived,DFBPANCA0045,P54229,Bos taurus;9913,27129462,GGLRSLGRKILRAWKKYG,GGLRSLGRKILRAWKKYG,18,Full peptide,,1.6,0.63,0.33,0.24,12.796875,2.06 kDa,.pdb,.svg,non-toxic | probability=6.08E-09,BBP | probability=0.56,CPP | probability=73.42%,.links,.pubchem
ASYNP111,Anticancer peptide; Brevenin-2R,Food-derived,DFBPANCA0046,Precursor protein not found,Anura;8342,10613823,KFALGKVNAKLQSLNAKSLKQSGCC,KFALGKVNAKLQSLNAKSLKQSG,25,1..23,,2.1,0.29,0.2,0.18,12.25,2.43 kDa,.pdb,.svg,toxic | probability=1,BBP | probability=0.70,Non-CPP | probability=75.37%,.links,.pubchem
ASYNP112,Anticancer/Immunomodulatory peptide; Lactoferricin B (Lfcin-B),Food-derived,DFBPANCA0007;DFBPANCA0055;DFBPANCA0334;DFBPIMMU0026,P24627,Bos taurus;9913,9299415;1490908;15827335;17071598 ,FKCRRWQWRMKKLGAPSITCVRRAF,FKCRRWQWRMKKLGAPSITCVRRAF,25,Full peptide,,1.1,0.28,0.32,0.42,12.6875,3.13 kDa,.pdb,.svg,non-toxic | probability=2.98E-12,BBP | probability=0.76,CPP | probability=77.18%,.links,.pubchem
ASYNP113,Anticancer peptide; LL37,Food-derived,DFBPANCA0056,Precursor protein not found,Bos taurus;9913,20100862,LLGDFFRKSKEKIGKEFKRIVQRIKDFLRNLVPRTES,LLGDFFRKSKEKIGKEFKRIVQRIKDFLRNLVPRTES,37,Full peptide,,4.8,0.52,0.16,0.2,11.375,4.49 kDa,.pdb,.svg,non-toxic | probability=2.23E-05,non-BBP | probability=0.25,Non-CPP | probability=72.78%,.links,.pubchem
ASYNP114,Anticancer peptide; Uperin 3.6,Food-derived,DFBPANCA0070,P82043,Uperoleia mjobergii;104954,11085410,GVIDAAKKVVNVLKNLFG,GVIDAAKKVVNVLKNLFG,18,Full peptide,,1.9,0.58,0.11,0.42,10.28125,1.89 kDa,.pdb,.svg,non-toxic | probability=3.88E-15,non-BBP | probability=0.05,Non-CPP | probability=87.39%,.links,.pubchem
ASYNP115,Anticancer peptide,Food-derived,DFBPANCA0338,C5IB03,Lithobates catesbeianus;8400,34789753,GFLDIIKDTGKEFAVKILNNLKCKLAGGCPP,GFLDIIKDTGKEFAVKILNNLKCKLAGGCPP,31,Full peptide,,3.2,0.23,0.06,0.45,8.96875,3.3 kDa,.pdb,.svg,non-toxic | probability=2.39E-08,non-BBP | probability=0.08,Non-CPP | probability=91.95%,.links,.pubchem
ASYNP116,Anticancer peptide,Food-derived,DFBPANCA0340,L0CKG3,Oreochromis niloticus;8128,33562681,FIHHIIGGLFSAGKAIHRLIRRRRR,FIHHIIGGLFSAGKAIHRLIRRRRR,25,Full peptide,,1.5,0.49,0.29,0.4,13.97265625,2.98 kDa,.pdb,.svg,non-toxic | probability=3.87E-26,BBP | probability=0.89,CPP | probability=83.37%,.links,.pubchem
ASYNP117,Î±-amylase inhibitory peptide; Anti-diabetic peptide; CSP1,Food-derived,DFBPALAM0001,Precursor protein not found,Cuminum cyminum;52462,10.1016/j.jff.2016.01.011,FFRSKLLSDGAAAAKGALLPQYW,KLLSDGAAAAKGALLPQY,23,5..22,,3.6,0.2,0.1,0.39,9.734375,1.79 kDa,.pdb,.svg,non-toxic | probability=3.91E-07,BBP | probability=0.66,Non-CPP | probability=83.67%,.links,.pubchem
ASYNP118,Immunomodulatory peptide; Isracidin,Food-derived,DFBPIMMU0028,P02662,Bos taurus;9913,22063716,RPKHPIKHQGLPQEVLNENLLRF,RPKHPIKHQGLPQEVLNENLLRF,23,Full peptide,,1.1,0.28,0.09,0.31,11.375,2.76 kDa,.pdb,.svg,non-toxic | probability=6.21E-12,BBP | probability=0.86,Non-CPP | probability=83.47%,.links,.pubchem
ASYNP119,Immunomodulatory mineral-binding peptide. Caseinophosphopeptide,Food-derived,DFBPIMMU0030;DFBPMIBP0004,P02663,Bos taurus;9913,No associated references found,KNTMEHVSSSEESIISQETYKQEKNMAINPSK,ISQETYKQEKNMAINPSK,32,15..32,,1.1,0.24,0.1,0.06,9.515625,2.11 kDa,.pdb,.svg,non-toxic | probability=1.15E-12,non-BBP | probability=0.23,Non-CPP | probability=92.92%,.links,.pubchem
ASYNP120,Opioid peptide; Corticostatin (CSI),Food-derived,DFBPOPIO0070,P07469,Oryctolagus cuniculus;9986,2829194,GICACRRRFCPNSERFSGYCRVNGARYVRCCSRR,GICACRRRFCPNSERFSGYCRVNGARYVRCCSRR,34,Full peptide,,1.1,0.3,0.24,0.27,10.9375,4.0 kDa,.pdb,.svg,toxic | probability=0.99,non-BBP | probability=0.21,Non-CPP | probability=81.48%,.links,.pubchem
ASYNP121,Heparin-binding peptide,Food-derived,DFBPHEBP0036,P24627,Bos taurus;9913,9839225,FKCRRWQWRMKKLGAPSITCVRRAFA,FKCRRWQWRMKKLGAPSITCVRRAFA,26,Full peptide,,1.1,0.25,0.31,0.41,12.6875,3.2 kDa,.pdb,.svg,non-toxic | probability=2.98E-11,BBP | probability=0.88,CPP | probability=75.88%,.links,.pubchem
ASYNP122,Blood-brain barrier peptide; Neuropeptide Y,Food-derived,DFBPBBBP0005,P01304,Sus scrofa;9823,10070013,YPSKPDNPGEDAPAEDLARYYSALRHYINLITRQRY,DLARYYSALRHYINLITRQRY,36,16..36,,10.6,0.45,0.18,0.38,10.5,2.69 kDa,.pdb,.svg,non-toxic | probability=4.67E-23,non-BBP | probability=0.30,CPP | probability=76.66%,.links,.pubchem
ASYNP123,Blood-brain barrier peptide; Exendin-4,Food-derived,DFBPBBBP0006,P26349,Heloderma suspectum;8554,12629557,HGEGTFTSDLSKQMEEEAVRLFIEWLKNGGPSSGAPPPS,AVRLFIEWLKNGGPSSGAPP,39,18..37,,42.5,0.34,0.1,0.49,11.375,2.1 kDa,.pdb,.svg,non-toxic | probability=2.91E-09,non-BBP | probability=0.10,Non-CPP | probability=87.38%,.links,.pubchem
